Product List as of 07/12/2021,,,,,,
Product Code,Product Description,Product Group,Pack,Allocated,On Hand,Units
132HERCARH,HERRINGBONE CARRARA HONED CHIP SIZE 130X25X7MM SHEET SIZE 372X266X7 10.1 SHEETS/M2 10SH/BOX=0.99M2,HERRINGBONE,,0.0000,1.8900,M2
132HERCARH -01,HERRINGBONE CARRARA HONED CHIP SIZE 130X25X7MM SHEET SIZE 372X266X7 10.1 SHEETS/M2 10SH/BOX=0.99M2,HERRINGBONE,,0.0000,0.4620,M2
132HERCARH -02,HERRINGBONE CARRARA HONED CHIP SIZE 130X25X7MM SHEET SIZE 372X266X7 10.1 SHEETS/M2 10SH/BOX=0.99M2,HERRINGBONE,,0.0000,0.0000,M2
132HERCARH -03,HERRINGBONE CARRARA HONED CHIP SIZE 130X25X7MM SHEET SIZE 372X266X7 10.1 SHEETS/M2 10SH/BOX=0.99M2,HERRINGBONE,,3.0000,33.6300,M2
132HERCARH -04,HERRINGBONE CARRARA HONED CHIP SIZE 130X25X7MM SHEET SIZE 372X266X7 10.1 SHEETS/M2 10SH/BOX=0.99M2,HERRINGBONE,,0.0000,124.7000,M2
205HERCARH,"HERRINGBONE CARRARA HONED
CHIP SIZE 200X50X10MM SHEET SIZE 293X285X10MM  11.97 SHEETS/M2
5 SHEETS/BOX=0.417M2
SH: A",HERRINGBONE,,58.1820,60.1200,M2
205HERCARH -01,"HERRINGBONE CARRARA HONED CHIP SIZE 200X50X10MM SHEET SIZE 293X285X10MM 11.97 SHEETS/M2 5 SHEETS/BOX=0.417M2
SH: B",HERRINGBONE,,0.0000,18.9499,M2
205HERCARH -02,HERRINGBONE CARRARA HONED CHIP SIZE 200X50X10MM SHEET SIZE 293X285X10MM 11.97 SHEETS/M2 5 SHEETS/BOX=0.417M2,HERRINGBONE,,0.0000,90.2000,M2
25HEXCALH,"HEXAGON CALACATTA GOLD HONED  CHIP SIZE 25x25x7MM SHEET SIZE 280x295MM
12 SHEETS/M2 10SH/BOX=0.826M2",HEXAGON,,0.0000,52.0400,M2
25HEXCALH-1,"HEXAGON CALACATTA GOLD HONED  CHIP SIZE 25x25x7MM SHEET SIZE 280x295MM
12 SHEETS/M2 10SH/BOX=0.826M2",HEXAGON,,0.0000,19.5228,M2
25HEXCARH,"HEXAGONAL CARRARA HONED 
CHIP SIZE 25X25X7MM
SHEET SIZE 280X295MM
12 SHEETS/M2 10SH/BOX=0.826M2",HEXAGON,,0.0000,0.2626,M2
25HEXCARH-1,HEXAGONAL CARRARA HONED CHIP SIZE 25X25X7MM SHEET SIZE 280X295MM 12 SHEETS/M2 10SH/BOX=0.826M2,HEXAGON,,0.0000,2.6666,M2
25HEXCARH-2,HEXAGONAL CARRARA HONED CHIP SIZE 25X25X7MM SHEET SIZE 280X295MM 12 SHEETS/M2 10SH/BOX=0.826M2,HEXAGON,,43.4760,45.0400,M2
25HEXCARH-3,HEXAGONAL CARRARA HONED CHIP SIZE 25X25X10MM SHEET SIZE 280X295MM 12 SHEETS/M2 10SH/BOX=0.826M2,HEXAGON,,0.0000,48.3000,M2
25HEXCARH-4,HEXAGONAL CARRARA HONED CHIP SIZE 25X25X7MM SHEET SIZE 280X295MM 12 SHEETS/M2 10SH/BOX=0.826M2,HEXAGON,,11.9730,13.0400,M2
25HEXCARH-5,EXAGONAL CARRARA HONED CHIP SIZE 25X25X7MM SHEET SIZE 280X295MM 12 SHEETS/M2 10SH/BOX=0.826M2,HEXAGON,,0.0000,52.0400,M2
25HEXMIX,"MIX HEXAGON   NERO,VOLAKAS, NORVEGIAN RED HONED 
CHIP SIZE 25X25X7MM
SHEET SIZE 317X274MM
11.51 SHEETS/M2
10SH/BOX=0.869M2",MIX HEX,,0.0000,0.9800,M2
25HEXMIXH -01,"MIX HEXAGON   NERO,VOLAKAS, NORVEGIAN RED HONED 
CHIP SIZE 25X25X7MM
SHEET SIZE 317X274MM
11.51 SHEETS/M2=0.869M2
10SH/BOX",MIX HEX,,0.0000,41.6840,M2
28PENNY ROUND STORM,"PENNY ROUND STORM VINTAGE 28MM 28EB090
SHEET SIZE: 314X325
9.71SHEETS/M2",PENNY ROUND,,0.0000,0.8500,M2
30BAMCARH,"CARRARA BAMBOO HONED 
CHIP SIZE 30X300X15MM 
SHEET SIZE 300X300X15 
11.11 SHEETS/M2 5SHEETS/BOX=0.45M2",STACK,,0.0000,0.7200,M2
30BAMCARH-01,"CARRARA BAMBOO HONED 
CHIP SIZE 30X300X15MM 
SHEET SIZE 300X300X15 
11.11 SHEETS/M2 5SHEETS/BOX=0.45M2",STACK,,5.0000,5.6700,M2
30BAMCARH-02,"CARRARA BAMBOO HONED 
CHIP SIZE 30X300X15MM 
SHEET SIZE 300X300X15 
11.11 SHEETS/M2 5SHEETS/BOX=0.45M2",STACK,,10.0000,8.2900,M2
30BAMCARH-03,CARRARA BAMBOO HONED CHIP SIZE 30X300X15MM SHEET SIZE 300X300X15 11.11 SHEETS/M2 5SHEETS/BOX=0.45M2,STACK,,0.0000,40.0500,M2
30CONCARH CONCAVE CARRARA HONED LOOSE,"CONCAVE CARRARA HONED 30X300X12MM LOOSE 
111.11 PCS/M2 
50PIECES/BOX=0.45M2",STACK,,5.0000,5.6100,M2
30CONCARH CONCAVE CARRARA HONED SHEET,"CONCAVE CARRARA HONED 
CHIP SIZE 30X300X12MM 
SHEET SIZE 300X314 10.62 SHEETS/M2 
5 SH/BOX=0.464M2",STACK,,0.0000,0.8560,M2
30CONCARH CONCAVE CARRARA HONED SHEET -01,"CONCAVE CARRARA HONED 
CHIP SIZE 30X300X12MM 
SHEET SIZE 300X314 10.62 SHEETS/M2 
5 SH/BOX=0.464M2",STACK,,0.0000,0.0000,M2
30CONCARH CONCAVE CARRARA HONED SHEET -02,"CONCAVE CARRARA HONED 
CHIP SIZE 30X300X12MM 
SHEET SIZE 300X314 10.62 SHEETS/M2 
5 SH/BOX=0.464M2",STACK,,5.8500,6.3558,M2
30CONCARH CONCAVE CARRARA HONED SHEET -03,CONCAVE CARRARA HONED CHIP SIZE 30X300X12MM SHEET SIZE 300X314 10.62 SHEETS/M2 5 SH/BOX=0.464M2,STACK,,5.9800,12.0790,M2
3D LANTERN GLOSS WHITE,"3D LANTERN GLOSS WHITE DSTC18
SHEET SIZE 308X280MM
12 SHEETS/BOX=1.03M2",3D,,0.0000,52.3800,M2
3D MAMARRA + THASSOS HONED,"3D MAMARRA + THASSOS HONED
SHEET SIZE 305X305X10MM
10.75 SHEETS/M2
5 SH/BOX=0.465M2",3D,,11.0000,41.3600,M2
48HEX PIETRA GRY H,"HEXAGON PIETRA GREY HONED 
CHIP SIZE 48X48X7MM 
SHEET SIZE 298X305MM
11 SHEETS/M2
10 SHEETS/BOX=0.909M2",HEXAGON,,0.0000,13.1684,M2
48HEX PIETRA GRY H -01,"HEXAGON PIETRA GREY HONED 
CHIP SIZE 48X48X7MM 
SHEET SIZE 298X305MM
11 SHEETS/M2
10 SHEETS/BOX=0.909M2",HEXAGON,,0.0000,57.2600,M2
48HEXCALH,"HEXAGON CALACATTA GOLD HONED 
CHIP SIZE 48X48X7MM 
SHEET SIZE 298X305MM
11 SHEETS/M2
10SHEETS/BOX=0.909M2",HEXAGON,,0.0000,2.9900,M2
48HEXCALH -01,"HEXAGON CALACATTA GOLD HONED 
CHIP SIZE 48X48X7MM 
SHEET SIZE 298X305MM
11 SHEETS/M2
10SHEETS/BOX=0.909M2",HEXAGON,,0.0000,49.9280,M2
48HEXCARH,"HEXAGON CARRARA HONED 48X48
CHIP SIZE 48X48X7MM 
SHEET SIZE 298X305X7MM
11 SHEETS/M2 10SH/BOX",HEXAGON,,0.0000,0.5133,M2
48HEXCARH -01,"HEXAGON CARRARA HONED 48X48 
CHIP SIZE 48X48X10MM  SHEET SIZE 298X305X10MM 
11 SHEETS/M2 5SH/BOX=0.454M2",HEXAGON,,15.0000,51.3550,M2
48HEXCART,"HEXAGON CARRARA TUMBLED 
CHIP SIZE 48X48 SHEET SIZE 289X305X10MM 11SHEETS/M2 5SH/BOX=0.45M2",HEXAGON,,0.0000,49.1000,M2
4TERFUM,"TERRAZZO FUSION MATT GLY-4481M 400X400
SH:14A10 6.25PC/M2
4PCS/BOX =0.64M2",,,0.0000,249.4400,M2
62HERCALH,"HERRINGBONE CALACATTA HONED 64X20 
SHEET SIZE: 280x250x7",,,0.0000,0.0000,M2
62HERCARH,"HERRINGBONE CARRARA HONED CHIP SIZE 20X64X7MM 
SHEET SIZE 280X248X7MM 14.4 SHEETS/M2 10PCS/BOX=0.694M2",HERRINGBONE,,0.0000,56.0548,M2
62HERCARH -01,"HERRINGBONE CARRARA HONED CHIP SIZE 20X64X7MM 
SHEET SIZE 280X248X7MM 14.4 SHEETS/M2 10PCS/BOX=0.694M2",HERRINGBONE,,0.0000,0.4200,M2
62HERCARH -02,"HERRINGBONE CARRARA HONED CHIP SIZE 20X64X7MM 
SHEET SIZE 280X248X7MM 14.4 SHEETS/M2 10PCS/BOX=0.694M2",HERRINGBONE,,0.0000,0.0000,M2
62HERCARH -03,HERRINGBONE CARRARA HONED CHIP SIZE 20X64X7MM SHEET SIZE 280X248X7MM 14.4 SHEETS/M2 10PCS/BOX=0.694M2,HERRINGBONE,,50.5000,62.1870,M2
62HERCARH -04,HERRINGBONE CARRARA HONED CHIP SIZE 20X64X7MM SHEET SIZE 280X248X7MM 14.4 SHEETS/M2 10PCS/BOX=0.694M2,HERRINGBONE,,0.0000,87.5000,M2
62HERMINH,"HERRINGBONE MINT HONED 
CHIP SIZE 20X64X7MM
SHEET SIZE 280X248MM
11.26SH/1M2 10SH/BOX",HERRINGBONE,,32.4000,42.9856,M2
62HERMINH -01,"HERRINGBONE MINT HONED MEDIUM 
CHIP SIZE 20X64X10MM SHEET SIZE 280X248MM 11.26SH/1M2 5SH/BOX=0.3472M2",HERRINGBONE,,0.0000,15.3300,M2
62HERMINH -02,"HERRINGBONE MINT HONED LIGHT 
CHIP SIZE 20X64X10MM SHEET SIZE 280X248MM 11.26SH/1M2 5SH/BOX=0.3472M2",HERRINGBONE,,0.0000,19.3000,M2
62HERMINH -03,"HERRINGBONE MINT HONED LIGHT 
CHIP SIZE 20X64X7MM SHEET SIZE 280X248X7MM 11.26SH/1M2 10SH/BOX=0.6944M2",HERRINGBONE,,0.0000,76.3900,M2
62HERMINH -04,"HERRINGBONE MINT HONED LIGHT 
CHIP SIZE 20X64X7MM SHEET SIZE 280X248X7MM 11.26SH/1M2 10SH/BOX=0.6944M2",HERRINGBONE,,0.0000,0.0000,M2
62HERPIEGYH,"HERRINGBONE PIETRA GREY  HONED
CHIP SIZE 64X20X10MM  
SHEET SIZE 280X248X10MM  
14.4 SHEETS/M2
5 SHEET/BOX=0.35M2",HERRINGBONE,,0.0000,1.1720,M2
62HERPIEGYH -01,HERRINGBONE PIETRA GREY HONED CHIP SIZE 64X20X10MM SHEET SIZE 280X248X10MM 14.4 SHEETS/M2 10SHEET/BOX=0.69M2,HERRINGBONE,,0.0000,76.8300,M2
62HERPIEGYH -02,HERRINGBONE PIETRA GREY HONED CHIP SIZE 64X20X10MM SHEET SIZE 280X248X10MM 14.4 SHEETS/M2 10SH/BOX=0.69M2,HERRINGBONE,,0.0000,87.4900,M2
62HERROST,"HERRINGBONE ROSSO TUMBLED CHIP SIZE 64X20X10MM SHEET SIZE 280X248X10MM 14.4 SHEETS/M2 
5SHEETS/BOX =0.35M2",HERRINGBONE,,0.0000,1.7330,M2
62HERROST -01,"HERRINGBONE ROSSO TUMBLED CHIP SIZE 64X20X10MM SHEET SIZE 280X248X10MM 14.4 SHEETS/M2 
5SHEETS/BOX =0.35M2",HERRINGBONE,,0.0000,13.4272,M2
62HERROST -02,"HERRINGBONE ROSSO TUMBLED CHIP SIZE 64X20X10MM SHEET SIZE 280X248X10MM 14.4 SHEETS/M2 
5SHEETS/BOX =0.35M2",HERRINGBONE,,0.0000,7.0710,M2
62HERROST -03,"HERRINGBONE ROSSO TUMBLED CHIP SIZE 64X20X10MM SHEET SIZE 280X248X10MM 14.4 SHEETS/M2 
5SHEETS/BOX =0.35M2",HERRINGBONE,,0.0000,5.8930,M2
62HERROST -04,"HERRINGBONE ROSSO TUMBLED CHIP SIZE 64X20X10MM SHEET SIZE 280X248X10MM 14.4 SHEETS/M2 
5SHEETS/BOX =0.35M2",HERRINGBONE,,0.0000,37.5000,M2
62HERROST -05,HERRINGBONE ROSSO TUMBLED CHIP SIZE 64X20X10MM SHEET SIZE 280X248X10MM 14.4 SHEETS/M2 5SHEETS/BOX =0.35M2,HERRINGBONE,,0.0000,0.0000,M2
70HEXCALH,"HEXAGON CALACATTA HONED 
CHIP SIZE 70X80X10MM SHEET SIZE 289X250 13.84 SHEETS/M2 10SHEETS/BOX=0.723M2",HEXAGON,,0.0000,26.6920,M2
70HEXCALH -01,"HEXAGON CALACATTA HONED 
CHIP SIZE 70X80X10MM SHEET SIZE 289X250 13.84 SHEETS/M2 10SHEETS/BOX=0.723M2",HEXAGON,,0.0000,0.0000,M2
70HEXCALH -02,"HEXAGON CALACATTA HONED 
CHIP SIZE 70X80X10MM SHEET SIZE 289X250 13.84 SHEETS/M2 10SHEETS/BOX=0.723M2",HEXAGON,,0.0000,44.5000,M2
70HEXCARH,"HEXAGON CARRARA HONED
CHIP SIZE 70X80X7MM SHEET SIZE 289X250 13.84 SHEETS/M2 10SHEETS/BOX=0.723M2",HEXAGON,,3.6000,2.7080,M2
70HEXCARH -01,"HEXAGON CARRARA HONED
CHIP SIZE 70X80X7MM SHEET SIZE 289X250 13.84 SHEETS/M2 10SHEETS/BOX=0.723M2",HEXAGON,,0.0000,77.5470,M2
70HEXCARH -02,"HEXAGON CARRARA HONED
CHIP SIZE 70X80X7MM SHEET SIZE 289X250 13.84 SHEETS/M2 10SHEETS/BOX=0.723M2",HEXAGON,,0.0000,0.0000,M2
70HEXCARH -03,"HEXAGON CARRARA HONED
CHIP SIZE 70X80X7MM SHEET SIZE 289X250 13.84 SHEETS/M2 5SHEETS/BOX=0.36M2",HEXAGON,,0.0000,2.9610,M2
70HEXCARH -04,"HEXAGON CARRARA HONED 
CHIP SIZE 70X80X10MM SHEET SIZE 289X250 
13.84 SHEETS/M2 5SHEETS/BOX=0.36M2",HEXAGON,,0.0000,31.5000,M2
70HEXCART,"HEXAGON CARRARA TUMBLED 
CHIP SIZE 70X80 SHEET SIZE289X250 13.84 SHEETS/M2
10 SHEETS/BOX=0.723M2",HEXAGON,,0.0000,28.4840,M2
70HEXCART -01,"HEXAGON CARRARA TUMBLED CHIP SIZE 70X80 SHEET SIZE289X250 13.84 SHEETS/M2
10SH/BOX=0.723M2",HEXAGON,,0.0000,4.4085,M2
72HERCALH,HERRINGBONE CALACATTA GOLD CHIP SIZE 75X25X7MM SHEET SIZE 325X305 10.08 SHEETS/M2 10SH/BOX=0.991M2,HERRINGBONE,,0.0000,1.8800,M2
72HERCALH -01,HERRINGBONE CALACATTA GOLD CHIP SIZE 75X25X7MM SHEET SIZE 325X305 10.08 SHEETS/M2 10SH/BOX=0.991M2,HERRINGBONE,,0.0000,22.5000,M2
72HERCALH -02,HERRINGBONE CALACATTA GOLD CHIP SIZE 75X25X7MM SHEET SIZE 325X305 10.08 SHEETS/M2 10SH/BOX=0.991M2,HERRINGBONE,,13.0000,15.3981,M2
72HERCALH -03,HERRINGBONE CALACATTA GOLD CHIP SIZE 75X25X7MM SHEET SIZE 325X305 10.08 SHEETS/M2 10SH/BOX=0.991M2,HERRINGBONE,,0.0000,0.0000,M2
72HERCARH,"HERRINGBONE CARRARA HONED
CHIP SIZE 75X25X7MM SHEET SIZE 325X305  10.08 SHEETS/M2
10 SHEETS/BOX=0.991M2",HERRINGBONE,,0.0000,0.0000,M2
72HERCARH -01,"HERRINGBONE CARRARA HONED
CHIP SIZE 75X25X7MM SHEET SIZE 325X305  10.08 SHEETS/M2
10 SHEETS/BOX=0.991M2",HERRINGBONE,,0.0000,0.0885,M2
72HERCARH -02,"HERRINGBONE CARRARA HONED
CHIP SIZE 75X25X7MM SHEET SIZE 325X305  10.08 SHEETS/M2
10 SHEETS/BOX=0.991M2",HERRINGBONE,,0.0000,1.5130,M2
72HERCARH -03,"HERRINGBONE CARRARA HONED
CHIP SIZE 75X25X7MM SHEET SIZE 325X305  10.08 SHEETS/M2
10 SHEETS/BOX=0.991M2",HERRINGBONE,,0.0000,0.3445,M2
72HERCARH -04,"HERRINGBONE CARRARA HONED 
CHIP SIZE 75X25X7MM SHEET SIZE 325X305 10.08 SHEETS/M2 
10 SHEETS/BOX=0.991M2",HERRINGBONE,,0.0000,62.4500,M2
72HERCARH -05,"HERRINGBONE CARRARA HONED 
CHIP SIZE 75X25X7MM SHEET SIZE 325X305 10.08 SHEETS/M2 10 SHEETS/BOX=0.991M2",HERRINGBONE,,3.0000,8.4300,M2
72HERCARH -06,HERRINGBONE CARRARA HONED CHIP SIZE 75X25X7MM SHEET SIZE 325X305 10.08 SHEETS/M2 10SH/BOX=0.991M2,HERRINGBONE,,0.0000,179.3500,M2
72HERCARH -07,HERRINGBONE CARRARA HONED CHIP SIZE 75X25X7MM SHEET SIZE 325X305 10.08 SHEETS/M2 10SH/BOX=0.991M2,HERRINGBONE,,0.0000,62.4500,M2
72HERCART,"HERRINGBONE CARRARA TUMBLED 
CHIP SIZE 75X25X10MM 
SHEET SIZE 325X305 
10.08 SHEETS/M2
10SH/BOX=0.991M2",HERRINGBONE,,0.0000,60.4100,M2
72HERCART -01,"HERRINGBONE CARRARA TUMBLED CHIP SIZE 75X25X10MM 
SHEET SIZE 325X305 10.08 SHEETS/M2 5SH/BOX=0.496M2",HERRINGBONE,,0.9920,22.8200,M2
72HERNYH,"HERRINGBONE NEW YORK  HONED 
CHIP SIZE 25X75X7MM SHEET SIZE 325X305 10.09 SH/M2 5SH/BOX=0.496M2",HERRINGBONE,,0.0000,53.5300,M2
72HERPIETRA GRY H,"HERRINGBONE PIETRA GREY HONED 
CHIP SIZE 75X25X7MM
SHEET SIZE 325X305
10.08 SHEETS/M2
10SHEETS/BOX=0.991M2",HERRINGBONE,,9.0000,15.7000,M2
72HERPIETRA GRY H -01,"HERRINGBONE PIETRA GREY HONED CHIP SIZE 75X25X7MM SHEET SIZE 325X305 
10.08 SHEETS/M2
10SHEETS/BOX=0.991M2",HERRINGBONE,,0.0000,62.4500,M2
92HERCARH,"HERRINGBONE CARRARA HONED
CHIP SIZE 25X98X10MM
SHEET SIZE 282X305MM
11.63SH/1M2 5SH/BOX",HERRINGBONE,,0.0000,23.9600,M2
ARABESQUE CARRARA HONED,"ARABESQUE CARRARA HONED  
SHEET SIZE 305X327X7
10 SHEETS/BOX = 0.997M2",LANTERN,,0.1995,14.0620,M2
ARABESQUE CARRARA HONED -01,"ARABESQUE CARRARA HONED  
SHEET SIZE 305X327X7
10 SHEETS/BOX = 0.997M2",LANTERN,,0.0000,62.8300,M2
ARCH AMAZONICA,ARCH AMAZONICA HONED CHIP SIZE: 68X148X10MM SHEET SIZE: 297X272 12.38 SHEET/M2 5SH/BOX=0.404M2,ARCH,,0.0000,0.0000,M2
ARCH JADE HONED,"ARCH JADE HONED 
SHEET SIZE 297X272X10 
12.38 SHEETS/M2 
5 SHEETS PER BOX=0.404M2",ARCH,,0.0000,0.1646,M2
ARCH JADE HONED -01,"ARCH JADE HONED 
SHEET SIZE 297X272X10 
12.38 SHEETS/M2 
5 SHEETS PER BOX=0.404M2",ARCH,,0.0000,0.1240,M2
ARCH JADE HONED -02,"ARCH JADE HONED SHEET SIZE 297X272X10 12.38 SHEETS/M2 
5 SHEETS/BOX=0.404M2",ARCH,,0.0000,40.9300,M2
ARCH VIOLA HONED,"ARCH VIOLA HONED 
CHIP SIZE 68X148X10MM
SHEET SIZE 297X272MM
12.38SH/M2 5SH/BOX=0.404M2",ARCH,,0.0000,87.2400,M2
ART DECO MINT,ART DECO MINT + CARRARA + NERO SHEET SIZE 306X306X10 10.68 SHEETS/M2 10 SHEETS/BOX=0.936M2,SQUARE,,0.0000,0.0000,M2
ART DECO MINT -01,ART DECO MINT + CARRARA + NERO SHEET SIZE 306X306X7 10.68 SHEETS/M2 10 SHEETS/BOX=0.936M2,SQUARE,,48.0080,45.1080,M2
ART DECO MINT -02,ART DECO MINT +CARRARA +NERO SHEET SIZE 306X306X10MM 10.68 SHEETS/M2 10 SHEETS/BOX=0.936M2,SQUARE,,0.0000,0.0000,M2
ART DECO ROSA,"ART DECO ROSA + CARRARA + NERO
SHEET SIZE 306X306X10
10.68 SHEETS/M2
10 SHEETS/BOX=0.936M2",SQUARE,,0.0000,58.8898,M2
ART DECO ROSA -01,ART DECO ROSA + CARRARA + NERO SHEET SIZE 306X306X7 10.68 SHEETS/M2 10 SHEETS/BOX=0.936M2,SQUARE,,0.0000,57.1280,M2
ATLANTIC CHEVRON 400X100X15,ATLANTIC CHEVRON 400X100X15,CHEVRON,,0.0000,0.5000,M2
ATLANTIC HONED 600X600X15,ATLANTIC HONED 600X600X15,,,0.0000,0.8000,M2
BAMBOO WHITE MATT,"BAMBOO WHITE MATT CHIP SIZE :50X300MM
SHEET SIZE :310X315MM",,,0.0000,0.0000,M2
BASKETWAVE CARRARA HONED -01,"BASKETWEAVE LIGHT 
CARRARA HONED CHIP SIZE: 25X48 SHEET SIZE 305X305 10.75 SHEETS / M2
5SH/BOX=0.465M2",BASKETWEAVE,,0.0000,8.2340,M2
BASKETWAVE CARRARA HONED -02,"BASKETWEAVE LIGHT  CARRARA HONED CHIP SIZE: 25X48x10
SHEET SIZE 305X305x10
10.75 SHEETS / M2
5SH/BOX=0.465M2",BASKETWEAVE,,0.0000,17.2000,M2
BASKETWEAVE CARRARA + CINDERELLA GREY DOT,"BASKETWEAVE CARRARA + CINDERELLA GREY HONED 
CHIP SIZE 25X48 SHEET SIZE 305X305X10MM 10.75 SHEETS/ M2 
10SH/BOX=0.93M2",BASKETWEAVE,,0.0000,38.1080,M2
BASKETWEAVE CARRARA HONED,"BASKETWEAVE DARK CARRARA HONED CHIP SIZE: 25X48 SHEET SIZE 305X305 10.74 SHEETS / M2
5SH/BOX=0.465M2",BASKETWEAVE,,0.0000,42.9700,M2
BASKETWEAVE CARRARA TUMBLED,"BASKETWEAVE CARRARA TUMBLED + NERO DOT 
CHIP SIZE: 25X48 SHEET SIZE 305X305 10.74 SHEETS / M2 5SH/BOX=0.465M2",BASKETWEAVE,,21.4000,37.6800,M2
BASKETWEAVE CARRARA TUMBLED -01,BASKETWEAVE CARRARA TUMBLED + NERO DOT CHIP SIZE: 25X48X10MM SHEET SIZE 305X305 10.75SHEETS / M2 5SH/BOX=0.465M2,BASKETWEAVE,,0.0000,50.2000,M2
BASKETWEAVE CARRARA+ THASSOS DOT,"BASKETWEAVE CARRARA + THASSOS DOT
SHEET SIZE 305X305X7MM 10.75 SHEETS/M2 
10SH/BOX =0.931M2",BASKETWEAVE,,4.6500,78.5800,M2
BASKETWEAVE THASSOS + BLUE DOT,"BASKETWAVE THASSOS + BLUE DOT 
CHIP SIZE 25X48X10MM",BASKETWEAVE,,0.0000,0.6800,M2
BEACHWOOD PENNY HONED 23,"BEACHWOOD PENNY ROUND HONED 
CHIP SIZE 23MM SHEET SIZE 305X287X10MM
11.42 SHEETS/M2 
10SHEETS/BOX=0.875M2",PENNY ROUND,,0.0000,0.0000,M2
BLUESTONE HONED INTERLOCK,"BLUESTONE HONED INTERLOCK 
SHEET SIZE: 298X300X10",,,0.0000,0.0200,M2
BRASS CHEVRON 3D,"ANTIQUE BRASS CHEVRON 3D (CF20180117) (CFM976)
SHEET SIZE: 290X300X8MM
11 SHEETS/BOX(0.96M2)
11.50SHEETS/M2",3D,,0.0000,56.8980,M2
BRASS CHEVRON 3D -01,ANTIQUE BRASS CHEVRON 3D (CF20180117) (CFM976) SHEET SIZE: 290X300X8MM 11 SHEETS/BOX(0.96M2) 11.50SHEETS/M2,3D,,0.0000,0.0000,M2
CALACATTA PENCIL BORDER HONED 150,"CALACATTA PENCIL CAPPING HONED 150X15X19MM
98 PIECES/BOX",PENCIL,98.0000,0.2240,994.0000,EA
CALACATTA PENCIL BORDER HONED 305,"CALACATTA PENCIL CAPPING HONED 305X15X19MM
49 PIECES/BOX",PENCIL,49.0000,0.0000,345.0000,EA
CARRARA 3D STACK HONED,"CARRARA 3D STACK HONED SHEET SIZE 306X292X(8-12)MM 
11.19 SHEETS/M2 8SH/BOX=0.715M2",3D,,2.0000,3.5110,M2
CARRARA 3D STACK HONED -01,"CARRARA 3D STACK HONED SHEET SIZE 306X292X(8-12)MM 
11.19 SHEETS/M2 8SH/BOX=0.715M2",3D,,0.0000,20.0000,M2
CARRARA 3D STACK HONED -02,"CARRARA 3D STACK HONED SHEET SIZE 306X292X(8-12)MM 
11.19 SHEETS/M2 8SH/BOX=0.715M2",3D,,25.2000,28.6860,M2
CARRARA 3D STACK HONED -03,CARRARA 3D STACK HONED SHEET SIZE 306X292X(8-12)MM 11.19 SHEETS/M2 8SH/BOX=0.715M2,3D,,0.0000,36.7203,M2
CARRARA 3D STACK HONED -04,CARRARA 3D STACK HONED SHEET SIZE 306X292X(8-12)MM 11.19 SHEETS/M2 8SH/BOX=0.715M2,3D,,0.0000,0.0000,M2
CARRARA HONED,CARRARA HONED 610X305X10,,,0.0000,0.1200,M2
CARRARA HONED 36,"CARRARA HONED 305X610X10MM
6PCS/BOX = 1.12M2",,,0.0000,1.9000,M2
CARRARA HONED 36 -01,CARRARA HONED 305X610X10MM 6PCS/BOX = 1.12M2,,,134.0000,134.0000,M2
CARRARA LEAF,CARRARA LEAF HONED SHEET SIZE 224X348X10MM 11.97 SHEETS /M2 5SH/BOX = 0.39M2,,,0.0000,32.2900,M2
CARRARA PENCIL BORDER HONED 150,"CARRARA PENCIL CAPPING HONED 150X15X19MM
98 PIECES/BOX",PENCIL,98.0000,0.0000,875.0000,EA
CARRARA PENCIL BORDER HONED 305,"CARRARA PENCIL CAPPING HONED 305X15X19MM
49 PIECES/BOX",PENCIL,49.0000,0.0000,0.0000,EA
CARRARA PENCIL BORDER HONED 305 -01,"CARRARA PENCIL CAPPING HONED 305X15X19MM
49 PIECES/BOX",PENCIL,49.0000,300.0000,298.0000,EA
CARRARA PENNY HONED 23,"CARRARA PENNY ROUND HONED 
CHIP SIZE 23MM 
SHEET SIZE 305X287X10MM
11.42 SHEETS/M2
7SH/BOX=0.613M2",PENNY ROUND,,0.0000,0.4032,M2
CARRARA PENNY HONED 23 -01,"CARRARA PENNY ROUND HONED 
CHIP SIZE 23MM 
SHEET SIZE 305X287X10MM
11.42 SHEETS/M2",PENNY ROUND,,0.0000,0.0000,M2
CARRARA PENNY HONED 23 -02,"CARRARA PENNY ROUND HONED  CHIP SIZE 23MM  SHEET SIZE 305X287X10MM
11.42 SHEETS/M2",PENNY ROUND,,0.0000,0.0000,M2
CARRARA PENNY HONED 23 -03,"CARRARA PENNY ROUND HONED 
CHIP SIZE 23MM SHEET SIZE 305X287X7MM
11.42 SHEETS/M2 7SHEETS/BOX=0.613M2",PENNY ROUND,,0.0000,0.6610,M2
CARRARA PENNY HONED 23 -04,"CARRARA PENNY ROUND HONED 
CHIP SIZE 23MM SHEET SIZE 305X287X7MM
11.42 SHEETS/M2 7SHEETS/BOX=0.613M2
PO-09-1",PENNY ROUND,,0.0000,5.3235,M2
CARRARA PENNY HONED 23 -05,"CARRARA PENNY ROUND HONED 
CHIP SIZE 23MM SHEET SIZE 305X287X7MM
11.42 SHEETS/M2 7SHEETS/BOX=0.613M2",PENNY ROUND,,15.0000,33.9525,M2
CARRARA SQUARE 23 HONED,"CARRARA SQUARE 23 HONED 
CHIP SIZE 23X23X7MM SHEET SIZE 300X300MM 11.11SHEET/M2 10SH/BOX=0.9M2",SQUARE,,0.0000,0.0000,M2
CARRARA SQUARE 23 HONED -01,CARRARA SQUARE 23 HONED CHIP SIZE 23X23X7MM SHEET SIZE 300X300MM 11.11SHEET/M2 10SH/BOX=0.9M2,SQUARE,,22.0000,85.2000,M2
CARRARA SQUARE 25,"CARRARA SQUARE 25 HONED
CHIP SIZE : 25X25X7MM
SHEET SIZE :305X305MM
10.75SHEET/M2 10SH/BOX",SQUARE,,0.0000,0.8500,M2
CARRARA SQUARE 25 -01,CARRARA SQUARE 25 HONED CHIP SIZE : 25X25X7MM SHEET SIZE :305X305MM 10.75SHEET/M2 10SH/BOX =0.931M2,SQUARE,,0.0000,0.3000,M2
CARRARA SQUARE 48 TUMBLED,"CARRARA SQUARE 48 TUMBLED
 CHIP SIZE 48X48X10MM 
SHEET SIZE 300X300MM 
11.11 SHEET/M2 5SH/BOX =0.45m2",SQUARE,,0.0000,48.6000,M2
CARRARA+ NERO BORDER HONED,"CARRARA SQUARE+ NERO BORDER HONED SHEET SIZE 305X305X10
11.75 SHEETS/M2
5 SHEETS/BOX",SQUARE,,0.0000,0.0000,M2
CARRARA+ NERO BORDER HONED -01,"CARRARA SQUARE+ NERO BORDER HONED SHEET SIZE 305X305X10
11.75 SHEETS/M2
5 SHEETS/BOX",SQUARE,,0.0000,0.0000,M2
CARRARA+NERO BORDER HONED -02,"CARRARA SQUARE+ NERO BORDER HONED SHEET SIZE 305X305X10
11.75 SHEETS/M2
5 SHEETS/BOX",SQUARE,,0.0000,0.0000,M2
CARRARA+NERO BORDER HONED -03,"CARRARA SQUARE+ NERO BORDER HONED SHEET SIZE 305X305X10
11.75 SHEETS/M2
5 SHEETS/BOX",SQUARE,,0.0000,87.5370,M2
CASTLE CARRARA + THASSOS,"CASTLE CARRARA HONED + THASSOS POLISHED 
SHEET SIZE 305X305X10MM
SHEET SIZE 305X305X10MM
10.75 SHEETS/M2
5 SHEETS/BOX=0.465M2",CASTLE,,0.0000,1.8170,M2
CASTLE CARRARA + THASSOS -01,"CASTLE CARRARA HONED + THASSOS HONED 
SHEET SIZE 305X305X7MM
10.75 SHEETS/M2
10 SHEETS/BOX=0.93M2",CASTLE,,47.0000,49.3570,M2
CASTLE CARRARA + THASSOS -02,"CASTLE CARRARA HONED + THASSOS HONED
SHEET SIZE 305X305X7MM
10.75 SHEETS/M2
10 SHEETS/BOX=0.93M2",CASTLE,,0.0000,58.6100,M2
CASTLE CARRARA + THASSOS -03,"CASTLE CARRARA HONED + THASSOS HONED
 SHEET SIZE 305X305X7MM 10.75 SHEETS/M2 10 SHEETS/BOX=0.93M2",CASTLE,,0.0000,117.2000,M2
CASTLE MINT GREEN + THASSOS,"CASTLE MINT GREEN + THASSOS
SHEET SIZE:305X305X7MM
SHEET SIZE:305X305X7MM
10.75 SHEETS/M2 5SH/BOX(0.465M2)",CASTLE,,0.0000,0.0000,M2
CHEVRON CARRARA HONED MOS,CHEVRON CARRARA HONED MOSAIC 290X300,CHEVRON,,0.0000,0.0000,M2
CHEVRON CARRARA+NERO+GOLD,"CHEVRON CARRARA + NERO + GOLD HONED
SHEET SIZE 302X300X8MM 
11 SHEETS/M2 
10SH/BOX=0.906M2",CHEVRON,,0.0000,7.1438,M2
CHEVRON CARRARA+NERO+GOLD -01,"CHEVRON CARRARA + NERO + GOLD HONED
SHEET SIZE 302X300X8MM 
11 SHEETS/M2 
5SH/BOX=0.453M2",CHEVRON,,0.0000,29.3030,M2
CHEVRON CARRARA+NERO+GOLD -02,"CHEVRON CARRARA + NERO + GOLD HONED
SHEET SIZE 302X300X8MM 
11 SHEETS/M2 
10SH/BOX=0.906M2",CHEVRON,,0.0000,48.9000,M2
CHEVRON CARRARA+NERO+GOLD -03,"CHEVRON CARRARA + NERO + GOLD HONED
SHEET SIZE 302X300X8MM 
11 SHEETS/M2 10SH/BOX=0.906M2",CHEVRON,,0.0000,48.9200,M2
CHEVRON NERO+GOLD HONED,"CHEVRON NERO + GOLD HONED 
SHEET SIZE 302X300X8MM 
11 SHEETS/M2 10SH/BOX=0.906M2",CHEVRON,,0.0000,5.4072,M2
CHEVRON NERO+GOLD HONED -01,"CHEVRON NERO + GOLD HONED 
SHEET SIZE 302X300X8MM 
11 SHEETS/M2
10SH/BOX=0.906M2",CHEVRON,,0.0000,21.6106,M2
CHEVRON NERO+GOLD HONED -02,"CHEVRON NERO + GOLD HONED 
SHEET SIZE 302X300X8MM 
11 SHEETS/M2
10SH/BOX=0.906M2",CHEVRON,,0.0000,48.9000,M2
CHEVRON NERO+GOLD HONED -03,"CHEVRON NERO + GOLD HONED 
SHEET SIZE 302X300X8MM 
11 SHEETS/M2
10SH/BOX=0.906M2",CHEVRON,,0.0000,48.9200,M2
CHEVRON TUNDRA DARK,"CHEVRON TUNDRA DARK 
CHIP SIZE 100X542MM 18.45PCS/M2",CHEVRON,,0.0000,63.8400,M2
CHEVRON TUNDRA LIGHT,"CHEVRON TUNDRA LIGHT 
CHIP SIZE 100X542MM 18.45PCS/M2",CHEVRON,,0.0000,33.9700,M2
CONCAVE BLACK STACK GLOSS,CONCAVE BLACK GLOSS STACK XCST322            CHIP SIZE 20X145X8MM                     SHEET SIZE 299X296                             11.30 SHEETS/M2 18SH/1.593M2,STACK,,1.5930,28.5835,M2
CONCAVE BLACK STACK GLOSS -01,"CONCAVE BLACK GLOSS STACK XCST322            CHIP SIZE 20X145X8MM                     SHEET SIZE 299X296                             11.30 SHEETS/M2
18SHEETS(1.59M2)/BOX",STACK,,0.0000,172.0400,M2
CONCAVE BLACK STACK GLOSS -02,CONCAVE BLACK GLOSS STACK XCST322 CHIP SIZE 20X145X8MM SHEET SIZE 299X296 11.30 SHEETS/M2 18 SH/BOX = 1.59M2,STACK,,0.0000,430.1100,M2
CONCAVE BLACK STACK MATT,CONCAVE BLACK MATT STACK XCST321            CHIP SIZE 20X145X8MM                     SHEET SIZE 299X296                             11.30 SHEETS/M2 18SH/BOX=1.593M2,STACK,,0.0000,0.7080,M2
CONCAVE BLACK STACK MATT-1,CONCAVE BLACK MATT STACK XCST321            CHIP SIZE 20X145X8MM                     SHEET SIZE 299X296                             11.30 SHEETS/M2 18SH/BOX=1.593M2,STACK,,5.9200,7.4470,M2
CONCAVE BLACK STACK MATT-2,"CONCAVE BLACK MATT STACK XCST321 
CHIP SIZE 20X145X8MM 
SHEET SIZE 299X296 11.30 SHEETS/M2
18SH/BOX=1.593M2",STACK,,0.0000,46.8120,M2
CONCAVE BLACK STACK MATT-3,CONCAVE BLACK MATT STACK XCST321 CHIP SIZE 20X145X8MM SHEET SIZE 299X296 11.30 SHEETS/M2 18SH/BOX=1.593M2,STACK,,0.0000,86.0200,M2
CONCAVE BLACK STACK MATT-4,CONCAVE BLACK MATT STACK XCST321 CHIP SIZE 20X145X8MM SHEET SIZE 299X296 11.30 SHEETS/M2 18SH/BOX=1.593M2,STACK,,0.0000,430.1100,M2
CONCAVE BLONDE STACK GLOSS,CONCAVE BLONDE STACK GLOSS XCST647           CHIP SIZE 22X145X8MM                     SHEET SIZE 300X296                             11.29 SHEETS/M2 19SH/BOX=1.6874M2,STACK,,26.9774,63.3180,M2
CONCAVE BLUE STACK GLOSS,"CONCAVE BLUE STACK GLOSS XCST664            
CHIP SIZE 22X145X8MM                     
SHEET SIZE 300X296                             11.29 SHEETS/M2 18SH/BOX=1.593M2",STACK,,11.0630,22.0000,M2
CONCAVE BLUE STACK GLOSS -01,CONCAVE BLUE STACK GLOSS XCST664 CHIP SIZE 22X145X8MM SHEET SIZE 300X296 11.29 SHEETS/M2 18SH/BOX=1.593M2,STACK,,4.8056,173.5790,M2
CONCAVE BLUE STACK GLOSS -02,CONCAVE BLUE STACK GLOSS XCST664 CHIP SIZE 22X145X8MM SHEET SIZE 300X296 11.29 SHEETS/M2 19SH/BOX=1.6872M2,STACK,,30.2100,273.3600,M2
CONCAVE CARRARA HONED,CONCAVE CARRARA HONED CHIP SIZE 100X600X17MM,STACK,,0.0000,0.0000,M2
CONCAVE COOL WHITE STACK,CONCAVE COOL WHITE STACK GLOSS XCST378 CHIP SIZE 20X145X8MM SHEET SIZE 299X296 11.30 SHEETS/M2 18SH/BOX=1.593M2,STACK,,0.0000,0.0000,M2
CONCAVE COOL WHITE STACK -01,CONCAVE COOL WHITE STACK GLOSS XCST378 CHIP SIZE 20X145X8MM SHEET SIZE 299X296 11.30 SHEETS/M2 18SH/BOX=1.593M2,STACK,,0.0000,1.3350,M2
CONCAVE COOL WHITE STACK -02,CONCAVE COOL WHITE STACK GLOSS XCST378 CHIP SIZE 20X145X8MM SHEET SIZE 299X296 11.30 SHEETS/M2 18SH/BOX=1.593M2,STACK,,59.1800,72.2210,M2
CONCAVE COOL WHITE STACK -03,CONCAVE COOL WHITE STACK GLOSS XCST378 CHIP SIZE 20X145X8MM SHEET SIZE 299X296 11.30 SHEETS/M2 18SH/BOX=1.593M2,STACK,,0.0000,430.1100,M2
CONCAVE GREY STACK,"CONCAVE GREY SZ091A 
CHIP SIZE 20X145X8MM 
SHEET SIZE 299X296
11.29 SHEETS/M2
18SH/BOX=1.593M2",STACK,,0.0000,0.1500,M2
CONCAVE GREY STACK -01,"CONCAVE GREY SZ091A 
CHIP SIZE 20X145X8MM 
SHEET SIZE 299X296
11.29 SHEETS/M2
18SH/BOX=1.593M2",STACK,,0.0000,1.0705,M2
CONCAVE GREY STACK -02,"CONCAVE GREY STACK GLOSS XCST269  CHIP SIZE 20X145X8MM  SHEET SIZE 299X296 11.30 SHEETS/M2
18 sh/box=1.593M2",STACK,,0.3540,0.0000,M2
CONCAVE GREY STACK -03,CONCAVE GREY STACK GLOSS XCST269 CHIP SIZE 20X145X8MM SHEET SIZE 299X296 11.30 SHEETS/M2 18SH/BOX=1.593M2,STACK,,0.0000,4.3520,M2
CONCAVE GREY STACK -04,CONCAVE GREY STACK GLOSS XCST269 CHIP SIZE 20X145X8MM SHEET SIZE 299X296 11.30 SHEETS/M2 18SH/BOX=1.593M2,STACK,,50.0000,50.6490,M2
CONCAVE GREY STACK -05,CONCAVE GREY STACK GLOSS XCST269 CHIP SIZE 20X145X8MM SHEET SIZE 299X296 11.30 SHEETS/M2 18SH/BOX=1.593M2,STACK,,0.0000,0.0000,M2
CONCAVE GREY STACK -06,CONCAVE GREY STACK GLOSS XCST269 CHIP SIZE 20X145X8MM SHEET SIZE 299X296 11.30 SHEETS/M2 18SH(1.593M2)/BOX,STACK,,45.2650,157.8185,M2
CONCAVE GREY STACK -07,CONCAVE GREY STACK GLOSS XCST269 CHIP SIZE 20X145X8MM SHEET SIZE 299X296 11.30 SHEETS/M2 18SH(1.593M2)/BOX,STACK,,1.5930,430.1100,M2
CONCAVE HONEY STACK GLOSS,CONCAVE HONEY STACK GLOSS XCST267 CHIP SIZE: 20X145 SHEET SIZE : 296X300  11.29 SHEETS/M2 18SH/BOX =1.59M2,STACK,,0.0000,151.1522,M2
CONCAVE PISTACHIO STACK GLOSS,"CONCAVE PISTACHIO STACK GLOSS XCST658            CHIP SIZE 20X145X8MM                     SHEET SIZE 300X296                             11.26 SHEETS/M2
18SH/BOX=1.59M2",STACK,,3.2770,3.8940,M2
CONCAVE PISTACHIO STACK GLOSS -01,CONCAVE PISTACHIO STACK GLOSS XCST658 CHIP SIZE 20X145X8MM SHEET SIZE 300X296 11.26 SHEETS/M2 19SH/BOX=1.6872M2,STACK,,11.1300,227.0058,M2
CONCAVE RED STACK GLOSS,"CONCAVE RED STACK GLOSS XCST431            
CHIP SIZE 20X145X8MM                     
SHEET SIZE 299X296                             11.29 SHEETS/M2 18/BOX=1.593M2",STACK,,0.0000,0.0000,M2
CONCAVE RED STACK GLOSS -01,CONCAVE RED STACK GLOSS XCST431 CHIP SIZE 20X145X8MM SHEET SIZE 299X296 11.29 SHEETS/M2 18SH 18SH/BOX=1.593M2,STACK,,0.0000,60.4950,M2
CONCAVE RED STACK GLOSS -02,CONCAVE RED STACK GLOSS XCST431 CHIP SIZE 20X145X8MM SHEET SIZE 299X296 11.29 SHEETS/M2 18SH/BOX =1.593M2,STACK,,0.0000,28.6400,M2
CONCAVE WARM WHITE STACK,"CONCAVE WARM WHITE SZ015
CHIP SIZE 20X145X8MM 
SHEET SIZE 299X296
11.29 SHEETS/M2
18/BOX=1.593M2",STACK,,0.0000,0.2810,M2
CONCAVE WARM WHITE STACK -01,CONCAVE WARM WHITE STACK GLOSS XCST430 CHIP SIZE 20X145X8MM  SHEET SIZE 299X296 11.30 SHEETS/M2 18SH/BOX=1.593M2,STACK,,0.0000,1.3200,M2
CONCAVE WARM WHITE STACK -02,CONCAVE WARM WHITE STACK GLOSS XCST430 CHIP SIZE 20X145X8MM SHEET SIZE 299X296 11.30 SHEETS/M2 18SH/BOX=1.593M2,STACK,,0.0000,0.1360,M2
CONCAVE WARM WHITE STACK -03,CONCAVE WARM WHITE STACK GLOSS XCST430 CHIP SIZE 20X145X8MM SHEET SIZE 299X296 11.30 SHEETS/M2 18SH/BOX=1.593M2,STACK,,11.1500,39.0516,M2
CONCAVE WARM WHITE STACK -04,CONCAVE WARM WHITE STACK GLOSS XCST430 CHIP SIZE 20X145X8MM SHEET SIZE 299X296 11.30 SHEETS/M2 18SH/BOX=1.593M2,STACK,,0.0000,430.1100,M2
CONCAVE WHITE STACK GLOSS,"CONCAVE WHITE STACK GLOSS XCST320-G CHIP SIZE 20X145X8MM 
SHEET SIZE 299X296 
11.30 SHEETS/M2 18SH/BOX=1.593M2",STACK,,0.0000,6.6730,M2
CONCAVE WHITE STACK GLOSS -01,"CONCAVE WHITE STACK GLOSS XCST320-G CHIP SIZE 20X145X8MM  SHEET SIZE 299X296  11.30 SHEETS/M2
18SH/BOX=1.593M2",STACK,,0.0000,130.2344,M2
CONCAVE WHITE STACK GLOSS -02,CONCAVE WHITE STACK GLOSS XCST320-G CHIP SIZE 20X145X8MM SHEET SIZE 299X296 11.30 SHEETS/M2 18SH/BOX=1.593M2,STACK,,0.0000,0.0000,M2
CONCAVE WHITE STACK MATT,"CONCAVE WHITE STACK MATT XCST320
CHIP SIZE 20X145X8MM
SHEET SIZE 299X296
11.30 SHEETS/M2 18SH/BOX=1.593M2",STACK,,0.0000,0.3605,M2
CONCAVE WHITE STACK MATT -01,CONCAVE WHITE STACK MATT XCST320 CHIP SIZE 20X145X8MM SHEET SIZE 299X296 11.30 SHEETS/M2 18SH/BOX=1.593M2,STACK,,0.0000,7.0690,M2
CONCAVE WHITE STACK MATT -02,CONCAVE WHITE STACK MATT XCST320 CHIP SIZE 20X145X8MM SHEET SIZE 299X296 11.30 SHEETS/M2 18SH/BOX=1.593M2,STACK,,0.0000,0.7500,M2
CONCAVE WHITE STACK MATT -03,CONCAVE WHITE STACK MATT XCST320 CHIP SIZE 20X145X8MM SHEET SIZE 299X296 11.30 SHEETS/M2 18SH/BOX=1.593M2,STACK,,4.7790,77.4346,M2
CONCAVE WHITE STACK MATT -04,CONCAVE WHITE STACK MATT XCST320 CHIP SIZE 20X145X8MM SHEET SIZE 299X296 11.30 SHEETS/M2 18SH/BOX=1.593M2,STACK,,0.0000,516.1300,M2
CONCAVE WHITE STACK MATT -05,CONCAVE WHITE STACK MATT XCST320 CHIP SIZE 20X145X8MM SHEET SIZE 299X296 11.30 SHEETS/M2 18SH/BOX=1.593M2,STACK,,0.0000,430.1100,M2
CONNECT CARRARA 150,"CONNECT CARRARA HONED 
CHIP SIZE 35X150X7MM 
SHEET SIZE 294X302 11.26 SHEETS/M2
10SHEETS/BOX=0.888M2",CONNECT,,0.0000,2.4417,M2
CONNECT CARRARA 150 -01,"CONNECT CARRARA HONED 
CHIP SIZE 35X150X7MM SHEET SIZE 294X302 
11.26 SHEETS/M2 10SHEETS/BOX=0.888M2",CONNECT,,0.0000,83.5500,M2
CONNECT CARRARA 150 -02,CONNECT CARRARA HONED CHIP SIZE 35X150X7MM SHEET SIZE 294X302 11.26 SHEETS/M2 10SHEETS/BOX=0.888M2,CONNECT,,0.0000,167.8100,M2
CONNECT CARRARA 150 -03,CONNECT CARRARA HONED CHIP SIZE 35X150X7MM SHEET SIZE 294X302 11.26 SHEETS/M2 10SHEETS/BOX=0.888M2,CONNECT,,0.0000,167.8100,M2
CONNECT CARRARA 98,CONNECT CARRARA HONED CHIP SIZE 18X98X10MM SHEET SIZE 310X298MM 10.82 SHEETS/M2 5SH/BOX=0.4619M2,CONNECT,,9.1456,23.1000,M2
CONNECT CARRARA 98 WB,CONNECT CARRARA HONED WB CHIP SIZE 18X98X10MM SHEET SIZE 310X298MM 10.82 SHEETS/M2 5SH/BOX=0.4619M2,CONNECT,,0.0000,1.5184,M2
CONNECT CARRARA 98 WB -01,CONNECT CARRARA HONED WB CHIP SIZE 18X98X10MM SHEET SIZE 310X298MM 10.82 SHEETS/M2 5SH/BOX=0.4619M2,CONNECT,,7.0000,10.3500,M2
CONNECT JADE 150,"CONNECT JADE 
CHIP SIZE 35X150X10MM
SHEET SIZE 294X302
11.26 SHEETS/M2 5SH/BOX=0.44M2",CONNECT,,0.0000,0.0000,M2
CONNECT JADE 150 -01,"CONNECT JADE 
CHIP SIZE 35X150X10MM SHEET SIZE 294X302 
11.26 SHEETS/M2, 5SH/BOX=0.44M2",CONNECT,,0.0000,45.9100,M2
CONNECT JADE 150 -02,"CONNECT JADE CHIP SIZE 35X150X10MM SHEET SIZE 294X302 11.26 SHEETS/M2, 5SH/BOX=0.44M2",CONNECT,,0.0000,0.0000,M2
CONNECT ROSSO,"CONNECT ROSSO 
CHIP SIZE 35X150X10MM
SHEET SIZE 294X302
11.26 SHEETS/M2",CONNECT,,0.0000,0.4730,M2
CONNECT ROSSO -01,CONNECT ROSSO  CHIP SIZE 35X150X10MM SHEET SIZE 294X302 11.26 SHEETS/M2,CONNECT,,0.0000,13.6860,M2
CONNECT ROSSO -02,"CONNECT ROSSO CHIP SIZE 35X150X10MM SHEET SIZE 294X302 11.26 SHEETS/M2 
5 SH/BOX = 0.44M2",CONNECT,,0.0000,47.8120,M2
CONNECT ROSSO -03,CONNECT ROSSO CHIP SIZE 35X150X10MM SHEET SIZE 294X302 11.26 SHEETS/M2 5SH/BOX = 0.44M2,CONNECT,,0.0000,47.9500,M2
CONNECT WHITE MATT BRICK PATTERN,"CONNECT WHITE MATT  CHIP SIZE 23X100
SHEET SIZE 303X300
11 SHEETS/M2
11SH/BOX=1M2",BRICK PATTERN,,0.0000,3.5450,M2
CONNECT WHITE MATT BRICK PATTERN-01,"CONNECT WHITE MATT CHIP SIZE 23X100 
SHEET SIZE 303X300 
11 SHEETS/M2 11SH/BOX=1 M2",BRICK PATTERN,,0.0000,15.4500,M2
CONNECT WHITE MATT BRICK PATTERN-02,CONNECT WHITE MATT CHIP SIZE 23X98 SHEET SIZE 300X300 11.11 SHEETS/M2 11SH/BOX=0.99M2,BRICK PATTERN,,16.0000,140.4000,M2
CUBE SATIN WHITE,"CUBE WHITE SATIN LR82474 
CHIP SIZE 85X147.2X6MM
SHEET SIZE 304.4X266.2
12.34 SHEETS/M2",CUBE,,38.1020,38.1660,M2
DELIVERY FEE,DELIVERY FEE,,,,,
FISHSCALE CARRARA HONED,"FISHSCALE CARRARA HONED 
CHIP SIZE 69X78X7MM
SHEET SIZE 235X225
18.9 SHEETS/M2
10 SH/BOX=0.53M2",FISHSCALE,,0.0000,1.1080,M2
FISHSCALE CARRARA HONED -01,"FISHSCALE CARRARA HONED 
CHIP SIZE 69X78X7MM
SHEET SIZE 235X225X7
18.9 SHEETS/M2
10 SH/BOX=0.53M2",FISHSCALE,,0.0000,1.6025,M2
FISHSCALE CARRARA HONED -02,FISHSCALE CARRARA HONED  CHIP SIZE 69X78X7MM SHEET SIZE 235X225X7 18.9 SHEETS/M2 10SH/BOX=0.53M2,FISHSCALE,,0.0000,0.0000,M2
FISHSCALE CARRARA HONED -03,FISHSCALE CARRARA HONED  CHIP SIZE 69X78X7MM SHEET SIZE 235X225X7 18.9 SHEETS/M2 10SH/BOX=0.53M2,FISHSCALE,,0.0000,0.6610,M2
FISHSCALE CARRARA HONED -04,"FISHSCALE CARRARA HONED  CHIP SIZE 69X78X7MM SHEET SIZE 235X225X7  
18.91 SHEETS/M2  
10SH/BOX=0.53M2",FISHSCALE,,0.0000,7.1912,M2
FISHSCALE CARRARA HONED -05,"FISHSCALE CARRARA HONED  CHIP SIZE 69X78X7MM SHEET SIZE 235X225X7   
18.91 SHEETS/M2   
10SH/BOX=0.53M2",FISHSCALE,,25.4400,66.6000,M2
FISHSCALE CARRARA HONED -06,FISHSCALE CARRARA HONED CHIP SIZE 69X78X7MM SHEET SIZE 235X225X7 18.91 SHEETS/M2 10SH/BOX=0.53M2,FISHSCALE,,0.0000,66.6000,M2
FISHSCALE CARRARA HONED -07,FISHSCALE CARRARA HONED CHIP SIZE 69X78X7MM SHEET SIZE 235X225X7 18.91 SHEETS/M2 10SH/BOX=0.53M2,FISHSCALE,,0.0000,0.3500,M2
FISHSCALE CARRARA HONED -08,"FISHSCALE CARRARA HONED 
CHIP SIZE 69X78X7MM SHEET SIZE 235X225X7 18.91 SHEETS/M2 
10SH/BOX=0.53M2",FISHSCALE,,0.0000,33.3000,M2
FISHSCALE CARRARA TUMBLED,FISH SCALE CARRARA TUMBLED CHIP SIZE :79x80x10 SHEET SIZE:245x254,FISHSCALE,,1.2400,2.6200,M2
FISHSCALE CARRARA TUMBLED -01,"FISH SCALE CARRARA TUMBLED CHIP SIZE :69x78x7 SHEET SIZE:235x225
10SH/BOX = 0.62M2",FISHSCALE,,0.0000,7.3000,M2
FISHSCALE CARRARA TUMBLED -02,FISH SCALE CARRARA TUMBLED CHIP SIZE :69x78x7 SHEET SIZE:235x225 18.913SHEET/M2 10SHEETS/BOX,FISHSCALE,,0.0000,33.3000,M2
FISHSCALE CARRARA TUMBLED -03,FISH SCALE CARRARA TUMBLED CHIP SIZE :69x78x7 SHEET SIZE:235x225 18.913SHEET/M2 10SH/BOX=0.53M2,FISHSCALE,,0.0000,25.8100,M2
FISHSCALE MINT HONED,"FISHSCALE MINT HONED CHIP SIZE 69X78X7
SHEET SIZE 235X225
18.91 SHEETS/M2 10SH/BOX=0.53M2",FISHSCALE,,0.0000,0.6880,M2
FISHSCALE MINT HONED -01,"FISHSCALE MINT HONED CHIP SIZE 69X78X7
SHEET SIZE 235X225
18.91 SHEETS/M2 10SH/BOX=0.53M2",FISHSCALE,,0.0000,0.3580,M2
FISHSCALE MINT HONED -02,"FISHSCALE MINT HONED CHIP SIZE 69X78X7
SHEET SIZE 235X225
18.91 SHEETS/M2 10SH/BOX=0.53M2",FISHSCALE,,0.0000,28.5060,M2
FISHSCALE MINT HONED-03,"FISHSCALE MINT HONED CHIP SIZE 69X78X7
SHEET SIZE 235X225
18.91 SHEETS/M2 10SH/BOX=0.53M2",FISHSCALE,,0.0000,33.3000,M2
FISHSCALE MINT HONED-04,"FISHSCALE MINT HONED CHIP SIZE 69X78X7
SHEET SIZE 235X225
18.91 SHEETS/M2 10SH/BOX=0.53M2",FISHSCALE,,19.0600,19.9400,M2
FLOWER CARRARA+THASSOS HONED,"FLOWER CARRARA+THASSOS HONED 
SHEET SIZE 325X290X10MM
10.6 SHEETS/M2
5 SH/BOX=0.47M2",FLOWER,,0.0000,26.4025,M2
FLOWER CARRARA+THASSOS HONED - 01,"FLOWER CARRARA+THASSOS HONED 
SHEET SIZE 325X290X10MM
10.6 SHEETS/M2
5 SH/BOX=0.47M2",FLOWER,,0.0000,50.7115,M2
FLOWER PINK GREEN & THASSOS,"FLOWER PINK, GREEN & THASSOS 
SHEET SIZE 325X290X10MM
10.6 SHEETS/M2
5 SH/BOX = 0.47M2",FLOWER,,0.0000,12.5657,M2
FLOWER PINK GREEN & THASSOS -01,"FLOWER PINK, GREEN & THASSOS 
SHEET SIZE 325X290X10MM
10.6 SHEETS/M2
5 SH/BOX = 0.47M2",FLOWER,,0.0000,31.7765,M2
GOLD PENNYROUND MATT,"SIZE: 310X324MM
1SQM /10 SHEETS",PENNY ROUND,,0.0000,0.0000,
HEXAGON CARRARA + NERO BORDER HONED,HEXAGON CARRARA + NERO BORDER HONED SHEET SIZE 315X275X10MM FRAME: 388X311X10MM 11.54 SHEETS/M2 5 SH/BOX=0.603M2,HEXAGON,,0.0000,3.6030,M2
HEXAGON CARRARA + NERO BORDER HONED -01,HEXAGON CARRARA + NERO BORDER HONED SHEET SIZE 315X275X10MM FRAME: 388X311X10MM 11.54 SHEETS/M2 5 SH/BOX=0.603M2,HEXAGON,,15.8600,18.9140,M2
HEXAGON CARRARA + NERO BORDER HONED -02,HEXAGON CARRARA + NERO BORDER HONED SHEET SIZE 315X275X10MM FRAME: 388X311X10MM 11.54 SHEETS/M2 5 SH/BOX=0.603M2,HEXAGON,,5.0000,46.7800,M2
JUMBO VINTAGE SNOW PENNY,"JUMBO VINTAGE SNOW PENNY 48MM 48EBD03
SHEET SIZE: 304X260MM
12.66SHEETS/M2
22SH/BOX=1.74M2",PENNY ROUND,,0.0000,2.9730,M2
JUMBO VINTAGE SNOW PENNY -01,"JUMBO VINTAGE SNOW PENNY 48MM 48EBD03 SHEET SIZE: 304X260MM 12.66SHEETS/M2
22SH/BOX=1.74M2",PENNY ROUND,,3.4800,82.9100,M2
JUMBO VINTAGE SNOW PENNY -02,JUMBO VINTAGE SNOW PENNY 48MM 48EBD03 SHEET SIZE: 304X260MM 12.66SHEETS/M2 22SH/BOX=1.74M2,PENNY ROUND,,0.0000,0.0000,M2
JUMBO VINTAGE SNOW PENNY -03,JUMBO VINTAGE SNOW PENNY 48MM 48EBD03 SHEET SIZE: 304X260MM 12.66SHEETS/M2 22SH/BOX=1.74M2,PENNY ROUND,,0.0000,0.0000,M2
JUMBO WHITE MATT PENNY,"JUMBO WHITE MATT PENNY 48MM 48Y-01 SHEET SIZE: 304X260MM 12.66SHEETS/M2 
22SH/BOX=1.74M2",PENNY ROUND,,0.0000,67.7520,M2
JUMBO WHITE MATT PENNY -01,JUMBO WHITE MATT PENNY 48MM 48Y-01 SHEET SIZE: 304X260MM 12.66SHEETS/M2 22SH/BOX=1.74M2,PENNY ROUND,,0.0000,0.0000,M2
KIT KAT BLACK GLOSS,"KIT KAT BLACK GLOSS YL74000 CHIP SIZE 22X145X6MM SHEET SIZE 300X296 11.26 SHEETS/M2
18SH/BOX = 1.6M2",KITKAT,,0.0000,135.4692,M2
KIT KAT BLACK GLOSS -01,"KIT KAT BLACK GLOSS YL74000 CHIP SIZE 22X145X6MM SHEET SIZE 300X296 11.26 SHEETS/M2
18SH/BOX = 1.6M2",KITKAT,,0.0000,0.0000,M2
KIT KAT BLACK GLOSS -02,"KIT KAT BLACK GLOSS YL74000 
CHIP SIZE 22X145X6MM 
SHEET SIZE 300X296 11.26 SHEETS/M2 18SH/BOX = 1.6M2",KITKAT,,0.0000,345.3800,M2
KIT KAT BLACK MATT,KIT KAT BLACK SATIN YL73000 CHIP SIZE 22X145X6MM SHEET SIZE 300X296 11.26 SHEETS/M2 18SH/BOX = 1.6M2,KITKAT,,0.0000,4.2624,M2
KIT KAT BLACK MATT -01,KIT KAT BLACK SATIN YL73000 CHIP SIZE 22X145X6MM SHEET SIZE 300X296 11.26 SHEETS/M2 18SH/BOX = 1.6M2,KITKAT,,0.0000,0.0000,M2
KIT KAT BLACK MATT -02,"KIT KAT BLACK SATIN YL73000 
CHIP SIZE 22X145X6MM 
SHEET SIZE 300X296 11.26 SHEETS/M2 18SH/BOX = 1.6M2",KITKAT,,11.0000,320.5200,M2
KIT KAT FUSION,"KIT KAT FUSION TERRAZZO
CHIP SIZE 22X145X6MM 
SHEET SIZE 300X300 11.11 SHEETS/M2
0.99M2/BOX (11 SHEETS/BOX)
SH:14A10",KITKAT,,6.5000,211.4500,M2
KIT KAT WHITE GLOSS,KIT KAT WHITE GLOSS YL32000 CHIP SIZE 22X145X6MM SHEET SIZE 300X296 11.26 SHEETS/M2 18SH/BOX=1.6M2,KITKAT,,0.0000,1.1800,M2
KIT KAT WHITE GLOSS -01,KIT KAT WHITE GLOSS YL32000 CHIP SIZE 22X145X6MM SHEET SIZE 300X296 11.26 SHEETS/M2 18SH/BOX=1.6M2,KITKAT,,0.0000,0.1660,M2
KIT KAT WHITE GLOSS -02,KIT KAT WHITE GLOSS YL32000 CHIP SIZE 22X145X6MM SHEET SIZE 300X296 11.26 SHEETS/M2 18SH/BOX=1.6M2,KITKAT,,0.0000,12.2810,M2
KIT KAT WHITE GLOSS -03,KIT KAT WHITE GLOSS YL32000 CHIP SIZE 22X145X6MM SHEET SIZE 300X296 11.26 SHEETS/M2 18SH/BOX=1.6M2,KITKAT,,0.0000,345.3800,M2
KIT KAT WHITE GLOSS -04,KIT KAT WHITE GLOSS YL32000 CHIP SIZE 22X145X6MM SHEET SIZE 300X296 11.26 SHEETS/M2 18SH/BOX=1.6M2,KITKAT,,0.0000,0.0000,M2
KIT KAT WHITE GLOSS -05,"KIT KAT WHITE GLOSS YL32000 
CHIP SIZE 22X145X6MM 
SHEET SIZE 300X296 11.26 SHEETS/M2 18SH/BOX=1.6M2",KITKAT,,0.0000,168.8600,M2
KIT KAT WHITE SATIN,KIT KAT WHITE SATIN YL31000 CHIP SIZE 22X145X6MM SHEET SIZE 300X296 11.26 SHEETS/M2 18SH/BOX=1.6M2,KITKAT,,0.0000,0.9490,M2
KIT KAT WHITE SATIN -01,KIT KAT WHITE SATIN YL31000 CHIP SIZE 22X145X6MM SHEET SIZE 300X296 11.26 SHEETS/M2 18SH/BOX=1.6M2,KITKAT,,0.0000,0.2340,M2
KIT KAT WHITE SATIN -02,KIT KAT WHITE SATIN YL31000 CHIP SIZE 22X145X6MM SHEET SIZE 300X296 11.26 SHEETS/M2 18SH/BOX=1.6M2,KITKAT,,0.0000,1.0348,M2
KIT KAT WHITE SATIN -03,KIT KAT WHITE SATIN YL31000 CHIP SIZE 22X145X6MM SHEET SIZE 300X296 11.26 SHEETS/M2 18SH/BOX=1.6M2,KITKAT,,0.0000,0.3208,M2
KIT KAT WHITE SATIN -04,KIT KAT WHITE SATIN YL31000 CHIP SIZE 22X145X6MM SHEET SIZE 300X296 11.26 SHEETS/M2 18SH/BOX=1.6M2,KITKAT,,0.0000,1.6520,M2
KIT KAT WHITE SATIN -05,KIT KAT WHITE SATIN YL31000 CHIP SIZE 22X145X6MM SHEET SIZE 300X296 11.26 SHEETS/M2 18SH/BOX=1.6M2,KITKAT,,0.0000,0.5790,M2
KIT KAT WHITE SATIN -06,KIT KAT WHITE SATIN YL31000 CHIP SIZE 22X145X6MM SHEET SIZE 300X296 11.26 SHEETS/M2 18SH/BOX=1.6M2,KITKAT,,0.0000,1.6680,M2
KIT KAT WHITE SATIN -07,KIT KAT WHITE SATIN YL31000 CHIP SIZE 22X145X6MM SHEET SIZE 300X296 11.26 SHEETS/M2 18SH/BOX=1.6M2,KITKAT,,0.0000,0.0000,M2
KIT KAT WHITE SATIN -08,KIT KAT WHITE SATIN YL31000 CHIP SIZE 22X145X6MM SHEET SIZE 300X296 11.26 SHEETS/M2 18SH/BOX=1.6M2,KITKAT,,0.0000,0.0000,M2
KIT KAT WHITE SATIN -09,"KIT KAT WHITE SATIN YL31000 
CHIP SIZE 22X145X6MM 
SHEET SIZE 300X296 11.26 SHEETS/M2 18SH/BOX=1.6M2",KITKAT,,0.0000,0.4980,M2
KIT KAT WHITE SATIN -10,"KIT KAT WHITE SATIN YL31000
CHIP SIZE 22X145X6MM 
SHEET SIZE 300X296 11.26 SHEETS/M2 18SH/BOX=1.6M2",KITKAT,,10.0000,1.3388,M2
KIT KAT WHITE SATIN -11,"KIT KAT WHITE SATIN YL31000 CHIP SIZE 22X145X6MM SHEET SIZE 300X296 11.26 SHEETS/M2 18SH/BOX=1.6M2
BATCH:202107",KITKAT,,8.8600,10.7780,M2
KIT KAT WHITE SATIN -12,KIT KAT WHITE SATIN YL31000 CHIP SIZE 22X145X6MM SHEET SIZE 300X296 11.26 SHEETS/M2 18SH/BOX=1.6M2 BATCH:202110,KITKAT,,57.0000,209.7500,M2
LANTERN GLOSS WHITE,"LANTERN GLOSS WHITE YX001 
CHIP SIZE 41.6X75.2X6MM
SHEET SIZE 259.2X267.6
14.4 SHEETS/M2",LANTERN,,0.0000,53.8900,M2
LONG HEX 3D WHITE GLOSS,"LONG HEX 3D WHITE GLOSS
SHEET SIZE 312X285
11.24 SHEETS/M2
18 PCS (1.60M2) / BOX",3D,,0.0000,24.4800,M2
LONG HEX CARRARA HONED,"LONG HEX CARRARA HONED 
CHIP SIZE 50X150X7MM
SHEET SIZE 270X310
11.94 SHEETS/M2",HEXAGON,,6.5200,10.8930,M2
LONG HEX CARRARA HONED -01,"LONG HEX CARRARA HONED  CHIP SIZE 50X150X7MM SHEET SIZE 270X310 11.94 SHEETS/M2
10SHEETS(0.84M2)/BOX",HEXAGON,,0.0000,105.3330,M2
LONG HEX CARRARA HONED -02,LONG HEX CARRARA HONED CHIP SIZE 50X150X7MM SHEET SIZE 270X310 11.94 SHEETS/M2 10SHEETS(0.84M2)/BOX,HEXAGON,,0.0000,14.9800,M2
LONG HEX CARRARA HONED -03,LONG HEX CARRARA HONED CHIP SIZE 50X150X7MM SHEET SIZE 270X310 11.94 SHEETS/M2 10SHEETS(0.84M2)/BOX,HEXAGON,,0.0000,52.7300,M2
LONG HEX CARRARA HONED 10MMTHICK,LONG HEX CARRARA HONED CHIP SIZE 50X150X10MM SHEET SIZE 270X310 11.94 SHEETS/M2 5SH/BOX=0.42M2,HEXAGON,,0.0000,1.5760,M2
LONG HEX PINK HONED,"LONG HEX PINK HONED 
CHIP SIZE: 50X150X7MM
SHEET SIZE: 275X310X7MM
11.73SHEETS/M2",HEXAGON,,0.0000,56.7682,M2
LONG HEXAGON WHITE GLOSS,"LONG HEXAGON WHITE GLOSS CLJ5501 
CHIP SIZE 55X195X6.7MM
SHEET SIZE 292.5X324
10.55 SHEETS/M2",HEXAGON,,0.0000,70.9960,M2
LOTUS PINK 3D STACK HONED,"LOTUS PINK 3D STACK HONED SHEET SIZE 306X292X(8-12)MM
11.19SH/M2 8SH/BOX=0.715M2",3D,,0.0000,0.6280,M2
MINT 3D STACK HONED,"MINT 3D STACK HONED  SHEET SIZE 306X292X(8-12)MM
11.19 SHEETS/M2 8SH/BOX=0.71M2",3D,,0.0000,4.1080,M2
MINT 3D STACK HONED -01,"MINT 3D STACK HONED  SHEET SIZE 306X292X(8-12)MM 11.19 SHEETS/M2
8SH/BOX=0.71M2",3D,,0.0000,0.6686,M2
MINT 3D STACK HONED -02,MINT 3D STACK HONED SHEET SIZE 306X292X(8-12)MM 11.19 SHEETS/M2 8SH/BOX=0.71M2,3D,,0.0000,0.0000,M2
MINT PENNY HONED 23,"MINT PENNY ROUND HONED 
CHIP SIZE 23MM 
SHEET SIZE  305X287X10MM 11.42SHEET /M2 10SH/BOX=0.875M2",PENNY ROUND,,38.2950,49.2800,M2
MINT PENNY HONED 23 -01,MINT PENNY ROUND HONED CHIP SIZE 23MM SHEET SIZE: 305X287X7MM 11.42SHEET /M2 10SH/BOX=0.875M2,PENNY ROUND,,5.0000,10.5100,M2
MINT PENNY HONED 23 -02,MINT PENNY ROUND HONED CHIP SIZE 23MM SHEET SIZE: 305X287X7MM 11.42SHEET /M2 10SH/BOX=0.875M2,PENNY ROUND,,0.0000,110.2900,M2
MODERN CARRARA + THASSOS HONED,"MODERN CARRARA + THASSOS HONED 
SHEET SIZE 279x279x7MM
12.85 SHEETS/M2
10 SH/BOX",PARQUET,,0.0000,0.0000,M2
MODERN CARRARA + THASSOS HONED -01,MODERN CARRARA + THASSOS HONED SHEET SIZE 279x279x7MM 12.85 SHEETS/M2 10 SH/BOX,PARQUET,,0.0000,0.0000,M2
MODERN CARRARA + THASSOS HONED -02,"MODERN CARRARA + THASSOS HONED SHEET SIZE 279x279x7MM
12.85 SHEETS/M2 10 SH/BOX =0.778M2",PARQUET,,0.0000,36.0400,M2
MODERN CARRARA + THASSOS HONED -03,MODERN CARRARA + THASSOS HONED SHEET SIZE 279x279x7MM 12.85 SHEETS/M2 10 SH/BOX =0.778M2,PARQUET,,0.0000,49.0000,M2
NERO SQUARE + CARRARA BORDER HONED,"NERO SQUARE + CARRARA BORDER 
SHEET SIZE 305X305X10MM
10.75 SHEETS/M2",SQUARE,,0.0000,17.4160,M2
NERO SQUARE + CARRARA BORDER HONED -01,NERO SQUARE + CARRARA BORDER SHEET SIZE 305X305X10MM 10.75 SHEETS/M2 5SHEETS/BOX,SQUARE,,0.0000,49.8310,M2
NERO SQUARE + CARRARA BORDER HONED -02,NERO SQUARE + CARRARA BORDER SHEET SIZE 305X305X10MM 10.75 SHEETS/M2 5SHEETS/BOX,SQUARE,,0.0000,50.2300,M2
NEW LANTERN CARRARA HONED,"NEW LANTERN CARRARA HONED 
CHIP SIZE: 119X145X10MM
SHEET SIZE 240X320
13 SHEETS/M2
10PCS/BOX",LANTERN,,0.0000,19.3920,M2
NEW YORK SUBWAY HONED 305X75-1,"NEW YORK SUBWAY HONED 305X75X10MM
20PCS/BOX
14BOXES/CRETE",SUBWAY,,0.0000,0.0200,M2
NEW YORK SUBWAY HONED 305X75-2,NEW YORK SUBWAY HONED 305X75X10MM 20PCS/BOX=0.45m2,SUBWAY,,3.6600,131.8000,M2
NON STANDARD ITEM,NON STANDARD ITEM,,,,,M2
OCTAGON CARRARA,"CARRARA OCTAGON + BLACK DOT 
CHIP SIZE 48X48X7MM DOT SIZE 10MM 
SHEET SIZE 305X305X7MM",OCTAGON,,0.0000,5.2700,M2
OCTAGON CARRARA -01,CARRARA OCTAGON + BLACK DOT  CHIP SIZE 48X48X7MM DOT SIZE 10MM  SHEET SIZE 305X305X7MM,OCTAGON,,0.0000,1.3740,M2
OCTAGON CARRARA-2,CARRARA OCTAGON + BLACK DOT CHIP SIZE 48X48X7MM DOT SIZE 15MM SHEET SIZE 305X305X7MM 10.75SH/M2 10SHEETS/BOX=0.93M2,OCTAGON,,0.0000,0.0000,M2
OCTAGON CARRARA-3,"CARRARA OCTAGON + BLACK DOT 
CHIP SIZE 48X48X7MM DOT SIZE 15MM SHEET SIZE 305X305X7MM 10.75SH/M2 10SHEETS/BOX=0.93M2",OCTAGON,,0.0000,0.2000,M2
OCTAGON CARRARA-4,CARRARA OCTAGON + BLACK DOT CHIP SIZE 48X48X7MM DOT SIZE 15MM SHEET SIZE 305X305X7MM 10.75SH/M2 10SHEETS/BOX=0.93M2,OCTAGON,,0.0000,0.0000,M2
OLIVE SQUARE 48,OLIVE SQUARE 48 CHIP SIZE: 48X48 SHEET SIZE: 306X306,SQUARE,,0.0000,0.0000,M2
PARQUET CARRAR+THASSOS,"PARQUET CARRARA + THASSOS 
305X305X7MM
10.75 SHEETS/M2",PARQUET,,0.0000,0.2280,M2
PARQUET CARRAR+THASSOS-1,"PARQUET CARRARA + THASSOS 305X305X7MM 10.75 SHEETS/M2
10SHEETS/BOX",PARQUET,,0.0000,0.0000,M2
PARQUET CARRARA+ THASSOS-2,PARQUET CARRARA + THASSOS 305X305X7MM 10.75 SHEETS/M2,PARQUET,,0.0000,0.5874,M2
PARQUET CARRARA+ THASSOS-3,PARQUET CARRARA + THASSOS 305X305X7MM 10.75 SHEETS/M2,PARQUET,,0.0000,0.3500,M2
PARQUET CARRARA+ THASSOS-4,PARQUET CARRARA + THASSOS 305X305X7MM 10.75 SHEETS/M2,PARQUET,,36.0000,48.2030,M2
PARQUET CARRARA+ THASSOS-5,"PARQUET CARRARA + THASSOS 305X305X7MM
10.75 SHEETS/M2
10SHEETS(0.93M2)/BOX",PARQUET,,5.0234,110.1300,M2
PARQUET CARRARA+ THASSOS-6,PARQUET CARRARA + THASSOS 305X305X7MM 10.75 SHEETS/M2 10SHEETS(0.93M2)/BOX,PARQUET,,0.0000,32.8370,M2
PARQUET CARRARA+ THASSOS-7,PARQUET CARRARA + THASSOS 305X305X7MM 10.75 SHEETS/M2 10SH/BOX =0.93M2,PARQUET,,0.0000,0.0000,M2
PENNY CARRARA HONED 48,"PENNY ROUND CARRARA HONED
CHIP SIZE 48MM
SHEET SIZE 298X305X7MM
11 SHEETS/M2",PENNY ROUND,,0.0000,0.4400,M2
PENNY CARRARA HONED 48 -01,"PENNY ROUND CARRARA HONED
CHIP SIZE 48MM
SHEET SIZE 298X305X7MM
11 SHEETS/M2",PENNY ROUND,,0.0000,1.0000,M2
PENNY CARRARA HONED 48 -02,PENNY ROUND CARRARA HONED CHIP SIZE 48MM SHEET SIZE 298X305X7MM 11 SHEETS/M2,PENNY ROUND,,0.0000,8.0800,M2
PENNY CARRARA HONED 48 -03,"PENNY ROUND CARRARA HONED CHIP SIZE 48MM SHEET SIZE 298X305X7MM 11 SHEETS/M2
10SHEETS(0.91M2)/BOX",PENNY ROUND,,0.0000,57.3000,M2
PENNY COPPER,"PENNY COPPER 20MM 
SHEET SIZE 290X310X8MM
11 SHEETS/BOX
11.12/M2",PENNY ROUND,,4.0000,5.8405,M2
PENNY COPPER -01,PENNY COPPER 20MM SHEET SIZE 290X315X8MM 10.95 SH/M2 11 SH/BOX =1.0049M2,PENNY ROUND,,9.0000,35.3722,M2
PENNY COPPER -02,PENNY COPPER 20MM SHEET SIZE 290X315X8MM 10.95 SH/M2 11 SH/BOX =1.0049M2,PENNY ROUND,,0.0000,0.0000,M2
PENNY COPPER ATLANTIS,"ATLANTIS PENNY COPPER 20MM SHEET SIZE 290X315X8MM 11.12 SH/M2
11 SH/BOX =1.005M2",PENNY ROUND,,0.0000,0.0000,M2
PENNY COPPER ATLANTIS -01,"ATLANTIS PENNY COPPER 20MM 
SHEET SIZE 290X315X8MM 10.95SH/M2 
11 SHEETS/BOX =1.0049M2",PENNY ROUND,,0.0000,72.3500,M2
PENNY NORWEGIAN PINK HONED,"PENNY NORWEGIAN PINK HONED 
CHIP SIZE 23MM
SHEET SIZE 305X287X7MM
11.42 SHEETS/M2",PENNY ROUND,,0.0000,9.2001,M2
PENNY NORWEGIAN PINK HONED -01,PENNY NORWEGIAN PINK HONED CHIP SIZE 23MM SHEET SIZE 305X287X7MM 11.42 SHEETS/M2 10SHEETS/BOX,PENNY ROUND,,0.0000,55.1500,M2
PENNY VINTAGE PINK,"PENNY VINTAGE PINK 
BHL04078 ( 19EB099 )
CHIP SIZE 19MM         SHEET SIZE 315X294MM 
10.80 SHEETS/M2
20SH/BOX =1.8522 M2
BATCH:2007",PENNY ROUND,,9.0000,50.7808,M2
PENNY VINTAGE PINK -01,PENNY VINTAGE PINK BHL04078 ( 19EB099 ) CHIP SIZE 19MM SHEET SIZE 315X294MM 10.80 SHEETS/M2 20SH/BOX =1.8522 M2,PENNY ROUND,,0.0000,0.0000,M2
PENNY WHITE GLOSS 19MM,"PENNY WHITE GLOSS 19MM NK72000 
SHEET SIZE: 315X309MM 
CHIP SIZE 19MM 10.27 SHEETS/M2 20SH/BOX=1.947M2",PENNY ROUND,,0.0000,132.4760,M2
PENNY WHITE MATT 19MM,"PENNY WHITE MATT 19MM NK41000
SHEET SIZE: 315X309MM 
CHIP SIZE 19MM 
10.27 SHEETS/M2 20SH/BOX=1.947M2",PENNY ROUND,,2.0000,17.9490,M2
PENNY WHITE MATT 19MM -01,"PENNY WHITE MATT 19MM NK41000 
SHEET SIZE: 315X309MM 
CHIP SIZE 19MM 10.27 SHEETS/M2 20SH/BOX=1.947M2",PENNY ROUND,,30.0000,100.0500,M2
PIETRA GREY PENNY HONED 23MM,"PIETRA GREY PENNY HONED 23MM 
SHEET SIZE 305X287X10MM 
11.42 SHEETS/M2",PENNY ROUND,,0.0000,3.2873,M2
PIETRA GREY PENNY HONED 23MM -01,PIETRA GREY PENNY HONED 23MM SHEET SIZE 305X287X7MM 11.42 SHEETS/M2 10SH/BOX=0.875M2,PENNY ROUND,,0.0000,100.2025,M2
ROSEGOLD PENNY ROUND 19MM -01,ROSEGOLD PENNY ROUND MOSAIC 19MM SHEET SIZE :310X315MM 10.24 SHEETS =1M2 20SH/BOX =1.953M2,,,0.0000,289.5300,M2
ROSSO PENNY TUMBLED 23,"ROSSO PENNY ROUND TUMBLED 
CHIP SIZE 23MM
SHEET SIZE 305X287X7MM
11.42 SHEETS/M2
10PCS/BOX",PENNY ROUND,,0.0000,8.2800,M2
ROSSO PENNY TUMBLED 23 -01,ROSSO PENNY ROUND TUMBLED  CHIP SIZE 23MM SHEET SIZE 305X287X7MM 11.42 SHEETS/M2 10PCS/BOX,PENNY ROUND,,4.5000,6.0070,M2
ROSSO PENNY TUMBLED 23 -02,"ROSSO PENNY ROUND TUMBLED  CHIP SIZE 23MM SHEET SIZE 305X287X7MM
11.42 SHEETS/M2 10SHEETS/BOX",PENNY ROUND,,8.0000,43.1700,M2
ROSSO PENNY TUMBLED 23 -03,ROSSO PENNY ROUND TUMBLED  CHIP SIZE 23MM SHEET SIZE 305X287X7MM 11.42 SHEETS/M2 5PCS(0.44M2)/BOX,PENNY ROUND,,0.0000,94.5400,M2
ROSSO PENNY TUMBLED 23 -04,ROSSO PENNY ROUND TUMBLED CHIP SIZE 23MM SHEET SIZE 305X287X10MM 11.42 SHEETS/M2 5PCS(0.44M2)/BOX,PENNY ROUND,,0.0000,2.0250,M2
ROSSO PENNY TUMBLED 23 -05,ROSSO PENNY ROUND TUMBLED CHIP SIZE 23MM SHEET SIZE 305X287X10MM 11.42 SHEETS/M2 10PCS(0.875M2)/BOX,PENNY ROUND,,0.0000,47.2700,M2
SAMPLE BOX,SAMPLE BOX WHITE 660X250X68,,,0.0000,0.0000,
SPLIT CARRARA,"SPLIT EDGE CARRARA CHIP SIZE 25/35/55/70MM
SHEET SIZE 312X317X7MM
10.11 SHEETS/M2",SPLIT EDGES,,0.0000,3.4031,M2
SPLIT CARRARA -01,"SPLIT EDGE CARRARA CHIP SIZE 25/35/55/75MM
SHEET SIZE 312X317X7MM
10.11 SHEETS/M2",SPLIT EDGES,,4.9500,6.0110,M2
SPLIT CARRARA -02,SPLIT EDGE CARRARA HONED CHIP SIZE 25/35/55/75MM SHEET SIZE 312X317X7MM 10.11 SHEETS/M2 10SHEETS/BOX,SPLIT EDGES,,0.0000,37.2780,M2
SPLIT CARRARA -03,SPLIT EDGE CARRARA HONED CHIP SIZE 25/35/55/75MM SHEET SIZE 312X317X7MM 10.11 SHEETS/M2 10SHEETS/BOX,SPLIT EDGES,,0.0000,62.3100,M2
SPLIT FOREST,"SPLIT EDGE FOREST  HONED 
SHEET SIZE 310X305X7MM (5MM JOINTS) 
10.16SHEETS/M2",SPLIT EDGES,,0.0000,2.4555,M2
SPLIT FOREST -01,SPLIT EDGE FOREST HONED SHEET SIZE 312X317X7MM (5MM JOINTS) 10.11SHEETS/M2 10SH/BOX=0.989M2,SPLIT EDGES,,0.0000,0.0000,M2
SPLIT INTERLOCK JADE,"SPLIT INTERLOCK JADE
SHEET SIZE: 305X305X10MM",SPLIT EDGES,,0.0000,24.7500,M2
SPLIT NEW YORK,"SPLIT NEW YORK HONED
CHIP SIZE 25/35/55/70MM
SHEET SIZE 312X317X7MM
10.11 SHEETS/M2",SPLIT EDGES,,0.0000,31.3100,M2
SPLIT NEW YORK -01,"SPLIT NEW YORK HONED
 CHIP SIZE 25/35/55/75X7MM
SHEET SIZE 312X317X7MM
10.11 SHEETS/M2",SPLIT EDGES,,0.0000,62.3050,M2
STACK CARRARA HONED 15X150,"STACK CARRARA WHITE HONED
CHIP SIZE 15X150X7MM
SHEET SIZE 298X305
11 SHEETS/M2
10PCS/BOX",STACK,,0.0000,0.0000,M2
STACK CARRARA HONED 15X150 -01,"STACK CARRARA HONED 
CHIP SIZE 15X150X7MM
SHEET SIZE 298X305
11 SHEETS/M2
10PCS/BOX",STACK,,0.0000,0.0000,M2
STACK CARRARA HONED 15X150 -02,"STACK CARRARA HONED  CHIP SIZE 15X150X7MM SHEET SIZE 298X302
11.11 SHEETS/M2
10PCS/BOX",STACK,,14.4300,26.0170,M2
STACK CARRARA HONED 15X150 -03,"STACK CARRARA HONED CHIP SIZE 15X150X7MM SHEET SIZE 298X302 
11.11 SHEETS/M2 10PCS/BOX",STACK,,0.0000,56.3900,M2
STACK CARRARA HONED 15X150 -04,STACK CARRARA HONED CHIP SIZE 15X150X7MM SHEET SIZE 298X305 11SH/M2 10PCS/BOX=0.91M2,STACK,,0.0000,56.7000,M2
STACK CARRARA HONED 15X98,"STACK CARRARA HONED 
CHIP SIZE 15X98X7MM
SHEET SIZE 298X304X7MM
11.04 SHEETS/M2
10PCS/BOX",STACK,,0.0000,19.5320,M2
STACK CARRARA HONED 15X98 -01,"STACK CARRARA HONED 
CHIP SIZE 15X98X7MM
SHEET SIZE 298X304X7MM
11.04 SHEETS/M2
10PCS/BOX",STACK,,0.0000,4.5049,M2
STACK CARRARA HONED 15X98 -02,STACK CARRARA HONED CHIP SIZE 15X98X7MM SHEET SIZE 298X304X7MM 11.04 SHEETS/M2 10PCS/BOX,STACK,,3.0000,0.8230,M2
STACK CARRARA HONED 15X98 -03,"STACK CARRARA HONED 
CHIP SIZE 15X98X7MM SHEET SIZE 298X304X7MM 11.04 SHEETS/M2 10PCS/BOX",STACK,,0.0000,16.3000,M2
STACK CARRARA HONED 15X98 -04,STACK CARRARA HONED CHIP SIZE 15X98X7MM SHEET SIZE 298X304X7MM 11.04 SHEETS/M2 10PCS/BOX,STACK,,0.0000,60.8900,M2
STACK CARRARA HONED 15X98 -05,STACK CARRARA HONED CHIP SIZE 15X98X7MM SHEET SIZE 298X305X7MM 11SH/M2 10PCS/BOX=0.91M2,STACK,,0.0000,57.3000,M2
STACK MINT HONED 15X98,"STACK MINT HONED 
CHIP SIZE 15X98X7MM
SHEET SIZE 298X298
11.26SH/1M2 10SH/BOX",STACK,,4.5000,17.6549,M2
STACK MINT HONED 15X98 -01,"STACK MINT HONED 
CHIP SIZE 15X98X7MM SHEET SIZE 305X298 11SHEETS/M2 10SH/BOX=0.909M2",STACK,,18.0000,81.3400,M2
STAR MINT + THASSOS HONED,"STAR MINT + THASSOS HONED 
SHEET SIZE 305X305X7MM
10.75 SHEETS/M2
10PCS/BOX",STAR,,0.9300,18.0840,M2
STAR MINT + THASSOS HONED -01,STAR MINT + THASSOS HONED SHEET SIZE 305X305X7MM 10.75 SHEETS/M2 10SH/BOX,STAR,,0.0000,0.0000,M2
SUBWAY CALACATTA HONED 150X75,"SUBWAY CALACATTA HONED 
CHIP SIZE 150X75X10
40 PIECES/BOX
0.45M2/BOX",SUBWAY,,0.0000,34.2500,M2
SUBWAY CALACATTA HONED 150X75 -01,"SUBWAY CALACATTA HONED 
CHIP SIZE 150X75X10
40 PIECES/BOX
0.45M2/BOX",SUBWAY,,0.0000,64.5500,M2
SUBWAY CALACATTA HONED 150X75 -02,"SUBWAY CALACATTA HONED
CHIP SIZE 150X75X10
40 PIECES/BOX 0.45M2/BOX",SUBWAY,,0.0000,64.8000,M2
SUBWAY CALACATTA HONED 150X75 -03,SUBWAY CALACATTA HONED CHIP SIZE 150X75X10 88.89PCS/M2 40 PIECES/BOX =0.45M2,SUBWAY,,0.0000,64.8000,M2
SUBWAY CALACATTA HONED 150X75 -04,SUBWAY CALACATTA HONED CHIP SIZE 150X75X10 88.89PCS/M2 80 PIECES/BOX =0.90M2,SUBWAY,,0.0000,151.2000,M2
SUBWAY CALACATTA HONED 150X75 -05,SUBWAY CALACATTA HONED CHIP SIZE 150X75X10 80 PIECES/BOX 0.90M2/BOX,SUBWAY,,0.0000,151.2000,M2
SUBWAY CALACATTA HONED 150X75 -06,SUBWAY CALACATTA HONED CHIP SIZE 150X75X10 80 PIECES/BOX 0.90M2/BOX,SUBWAY,,0.0000,0.0000,M2
SUBWAY CALACATTA HONED 305X75,SUBWAY CALACATTA HONED 305X75x10mm 20PCS/BOX =0.46M2,SUBWAY,,0.0000,12.7400,M2
SUBWAY CALACATTA HONED 305X75 -01,SUBWAY CALACATTA HONED 305X75x10mm 20PCS/BOX =0.46M2,SUBWAY,,0.0000,1.8600,M2
SUBWAY CALACATTA HONED 305X75 -02,SUBWAY CALACATTA HONED 305X75x10mm 20PCS/BOX =0.46M2,SUBWAY,,57.0000,98.8000,M2
SUBWAY CALACATTA HONED 305X75 -03,SUBWAY CALACATTA HONED 305X75x10mm 20PCS/BOX =0.46M2,SUBWAY,,0.0000,16.7000,M2
SUBWAY CALACATTA HONED 305X75 -04,SUBWAY CALACATTA HONED 305X75x10mm 20PCS/BOX =0.46M2,SUBWAY,,0.0000,98.8000,M2
SUBWAY CALACATTA HONED 305X75 -05,SUBWAY CALACATTA HONED 305X75x10mm 20PCS/BOX =0.46M2,SUBWAY,,0.0000,0.0000,M2
SUBWAY CALACATTA HONED100X305,"SUBWAY CALACATTA HONED 100X305X10MM
32.786PCS/M2 15PCS/BOX=0.458M2",SUBWAY,,0.0000,2.8880,M2
SUBWAY CALACATTA HONED100X305 -01,SUBWAY CALACATTA HONED 100X305X10MM 32.786PCS/M2 15PCS/BOX=0.458M2,SUBWAY,,0.0000,77.8460,M2
SUBWAY CALACATTA HONED100X305 -02,SUBWAY CALACATTA HONED 100X305X10MM 32.786PCS/M2 15PCS/BOX=0.458M2,SUBWAY,,0.0000,115.3000,M2
SUBWAY CARRARA HONED 150X75,SUBWAY CARRARA HONED 150X75,SUBWAY,,0.0000,45.5700,M2
SUBWAY CARRARA HONED 150X75 -01,"SUBWAY CARRARA HONED 150X75X10MM
40Pcs/BOX 0.45M2/BOX",SUBWAY,,1.3800,1.5950,M2
SUBWAY CARRARA HONED 150X75 -02,SUBWAY CARRARA HONED 150X75X10MM 40Pcs/BOX 0.45M2/BOX,SUBWAY,,0.0000,64.8000,M2
SUBWAY CARRARA HONED 150X75 -03,SUBWAY CARRARA HONED 150X75X10MM 40Pcs/BOX 0.45M2/BOX,SUBWAY,,0.0000,31.9000,M2
SUBWAY CARRARA HONED 150X75 -04,SUBWAY CARRARA HONED 150X75X10MM 40PCS/BOX 0.45M2/BOX,SUBWAY,,0.0000,32.4000,M2
SUBWAY CARRARA HONED 150X75 -05,SUBWAY CARRARA HONED 150X75X10MM 40PCS/BOX 0.45M2/BOX,SUBWAY,,0.0000,64.8000,M2
SUBWAY CARRARA HONED 150X75 -06,SUBWAY CARRARA HONED 150X75X10MM 40PCS/BOX 0.45M2/BOX,SUBWAY,,0.0000,64.8000,M2
SUBWAY CARRARA HONED 150X75 -07,SUBWAY CARRARA HONED 150X75X10MM 40PCS/BOX 0.45M2/BOX,SUBWAY,,0.0000,0.0000,M2
SUBWAY CARRARA HONED 305X75,"SUBWAY CARRARA HONED 305X75X10MM 
20PCS/BOX
72 BOXES/CRATE",SUBWAY,,0.0000,1.8400,M2
SUBWAY CARRARA HONED 305X75 -01,"SUBWAY CARRARA HONED 
CHIP SIZE 305X75X10MM  20PCS/BOX 
0.4575 M2/BOX",SUBWAY,,0.0000,0.9400,M2
SUBWAY CARRARA HONED 305X75 -02,SUBWAY CARRARA HONED  CHIP SIZE 305X75X10MM  20PCS/BOX  0.4575 M2/BOX,SUBWAY,,11.0000,16.8800,M2
SUBWAY CARRARA HONED 305X75 -03,SUBWAY CARRARA HONED  CHIP SIZE 305X75X10MM  20PCS/BOX  0.4575 M2/BOX,SUBWAY,,0.0000,2.4905,M2
SUBWAY CARRARA HONED 305X75 -04,SUBWAY CARRARA HONED  CHIP SIZE 305X75X10MM  20PCS/BOX  0.4575 M2/BOX,SUBWAY,,0.0000,2.1800,M2
SUBWAY CARRARA HONED 305X75 -05,SUBWAY CARRARA HONED CHIP SIZE 305X75X10MM 20PCS/BOX 0.4575 M2/BOX,SUBWAY,,17.3900,22.5600,M2
SUBWAY CARRARA HONED 305X75 -06,SUBWAY CARRARA HONED CHIP SIZE 305X75X10MM 20PCS/BOX = 0.4575 M2,SUBWAY,,13.0000,66.8850,M2
SUBWAY CARRARA HONED 305X75 -07,"SUBWAY CARRARA HONED 
CHIP SIZE 305X75X10MM 20PCS/BOX = 0.4575 M2",SUBWAY,,0.0000,85.8000,M2
SUBWAY CARRARA HONED 305X75 -08,SUBWAY CARRARA HONED CHIP SIZE 305X75X10MM 20PCS/BOX = 0.4575 M2,SUBWAY,,21.0000,32.9000,M2
SUBWAY CARRARA HONED 305X75 -09,SUBWAY CARRARA HONED CHIP SIZE 305X75X10MM 20PCS/BOX = 0.4575 M2,SUBWAY,,0.0000,0.0000,M2
SUBWAY STATUARIO PORCELAIN HONED 75X300,"SUBWAY STATUARIO PORCELAIN HONED BATCH: 114
CHIP SIZE 75X300 
JA61008M SHADE 114
32 PCS/BOX
0.72 M2 / BOX",SUBWAY,,0.0000,25.2800,M2
SUBWAY VIOLA HONED 75X305,"SUBWAY VIOLA HONED 75X305X10MM 
43.72PCS/M2 20PCS/BOX=0.456M2",SUBWAY,,0.0000,197.6000,M2
VERDE,"VERDE TUMBLED & SQUARE CUT 
SHEET SIZE: 300X300X17MM",,,0.0000,0.0800,M2
VINTAGE STACK BLACK MATT,VINTAGE STACK BLACK MATT BHBD6521 CHIP SIZE 12X92X8MM SHEET SIZE 282X308 11.5 SHEETS/M2 15SH/BOX=1.3M2,VINTAGE,1.0000,1.3000,60.4070,M2
VINTAGE STACK BLACK MATT -01,VINTAGE STACK BLACK MATT HBD6521 CHIP SIZE 12X92X8MM SHEET SIZE 282X308 11.5 SHEETS/M2 15SH/BOX=1.3M2,VINTAGE,1.0000,0.0000,0.0000,M2
VINTAGE STACK EMERALD GLOSS,VINTAGE STACK EMERALD GLOSS BHBD08240 CHIP SIZE 12X92X8MM SHEET SIZE 282X308 11.5 SHEETS/M2 15SH/BOX=1.3M2,VINTAGE,1.0000,18.5000,34.1832,M2
VINTAGE STACK EMERALD GLOSS -01,VINTAGE STACK EMERALD GLOSS BHBD08240 CHIP SIZE 12X92X8MM SHEET SIZE 282X308 11.5 SHEETS/M2 15SH/BOX=1.3M2,VINTAGE,1.0000,0.0000,140.2857,M2
VINTAGE STACK EMERALD GLOSS -02,VINTAGE STACK EMERALD GLOSS BHBD08240 CHIP SIZE 12X92X8MM SHEET SIZE 282X308 11.5 SHEETS/M2 15SH/BOX=1.3M2,VINTAGE,1.0000,0.0000,0.0000,M2
VINTAGE STACK FERN GLOSS,"VINTAGE STACK FERN GLOSS CT129206 
CHIP SIZE 12X92X8MM
SHEET SIZE 284.1X296.1
11.88 SHEETS/M2 12SH/BOX=1.0093M2",VINTAGE,1.0000,18.5000,37.6300,M2
VINTAGE STACK FERN GLOSS -01,VINTAGE STACK FERN GLOSS CT129206 CHIP SIZE 12X92X8MM SHEET SIZE 284.1X296.1 11.88 SHEETS/M2 12SH/BOX=1.0093M2,VINTAGE,1.0000,1.0093,81.7500,M2
VINTAGE STACK FOREST GLOSS,"VINTAGE STACK FOREST GLOSS CT129204
 CHIP SIZE 12X92X8MM
SHEET SIZE 284.1X296.1
11.88 SHEETS/M2 12SH/BOX=1.0093M2",VINTAGE,1.0000,0.0000,2.0214,M2
VINTAGE STACK FOREST GLOSS -01,"VINTAGE STACK FOREST GLOSS CT129204
 CHIP SIZE 12X92X8MM
SHEET SIZE 284.1X296.1
11.88 SHEETS/M2 12SH/BOX=1.0093M2",VINTAGE,1.0000,23.0093,65.5968,M2
VINTAGE STACK GREY GLOSS,"VINTAGE STACK GREY GLOSS CT129202 
CHIP SIZE 12X92X8MM
SHEET SIZE 284.1X296.1
11.88 SHEETS/M2 12SH/BOX=1.0093M2",VINTAGE,1.0000,0.0000,4.6700,M2
VINTAGE STACK GREY GLOSS -01,"VINTAGE STACK GREY GLOSS CT129202 
CHIP SIZE 12X92X8MM
SHEET SIZE 284.1X296.1
11.88 SHEETS/M2 12SH/BOX=1.0093M2",VINTAGE,1.0000,0.0000,0.2915,M2
VINTAGE STACK GREY GLOSS -02,"VINTAGE STACK GREY GLOSS CT129202 
CHIP SIZE 12X92X8MM
SHEET SIZE 284.1X296.1
11.88 SHEETS/M2 12SH/BOX=1.0093M2",VINTAGE,1.0000,0.0000,0.0000,M2
VINTAGE STACK GREY GLOSS -03,"VINTAGE STACK GREY GLOSS CT129202 
CHIP SIZE 12X92X8MM
SHEET SIZE 284.1X296.1
11.88 SHEETS/M2 12SH/BOX=1.0093M2",VINTAGE,1.0000,94.8700,231.7600,M2
VINTAGE STACK GREY GLOSS -04,VINTAGE STACK GREY GLOSS CT129202 CHIP SIZE 12X92X8MM SHEET SIZE 284.1X296.1 11.88 SHEETS/M2 12SH/BOX=1.0093M2,VINTAGE,1.0000,0.0000,0.0000,M2
VINTAGE STACK NAVY GLOSS,VINTAGE STACK NAVY GLOSS BHBD08258 GREEN CHIP SIZE:12X92 SHEET SIZE:282X308 11.51SHEETS/M2 15SH/BOX=1.3M2,VINTAGE,1.0000,0.0000,66.2860,M2
VINTAGE STACK NAVY GLOSS -01,VINTAGE STACK NAVY GLOSS BHBD08258 GREEN CHIP SIZE:12X92 SHEET SIZE:282X308 11.51SHEETS/M2 15SH/BOX=1.3M2,VINTAGE,1.0000,0.0000,70.3600,M2
VINTAGE STACK OCEAN GLOSS,"VINTAGE STACK OCEAN GLOSS CT129203 
CHIP SIZE 12X92X8MM
SHEET SIZE 284.1X296.1
11.88 SHEETS/M2 12SH/BOX=1.0093M2",VINTAGE,1.0000,0.0000,0.0000,M2
VINTAGE STACK OCEAN GLOSS -01,VINTAGE STACK OCEAN GLOSS CT129203 CHIP SIZE 12X92X8MM SHEET SIZE 284.1X296.1 11.88 SHEETS/M2 12SH/BOX=1.0093M2,VINTAGE,1.0000,1.0093,76.2020,M2
VINTAGE STACK OCEAN GLOSS -02,VINTAGE STACK OCEAN GLOSS CT129203 CHIP SIZE 12X92X8MM SHEET SIZE 284.1X296.1 11.88 SHEETS/M2 12SH/BOX=1.0093M2,VINTAGE,1.0000,0.0000,0.0000,M2
VINTAGE STACK PINK GLOSS,"VINTAGE STACK PINK GLOSS BHBD04078 CHIP SIZE 12X92X8MM SHEET SIZE 282X308 11.5 SHEETS/M2 
15SH/BOX =1.3 M2
BATCH:2006",VINTAGE,1.0000,10.5000,46.1160,M2
VINTAGE STACK PINK GLOSS -01,VINTAGE STACK PINK GLOSS BHBD04078 CHIP SIZE 12X92X8MM SHEET SIZE 282X308 11.5 SHEETS/M2 15SH/BOX =1.3 M2,VINTAGE,1.0000,0.0000,140.7200,M2
VINTAGE STACK SAGE GLOSS,VINTAGE STACK SAGE GLOSS BHBD06174 GREEN  CHIP SIZE: 12X92 SHEET SIZE:282X308 11.51SHEETS/M2 15SH/BOX= 1.3M2,VINTAGE,1.0000,1.3000,181.8900,M2
VINTAGE STACK SAGE GLOSS -01,VINTAGE STACK SAGE GLOSS BHBD06174 GREEN CHIP SIZE: 12X92 SHEET SIZE:282X308 11.51SHEETS/M2 15SH/BOX= 1.3M2,VINTAGE,1.0000,0.0000,122.9200,M2
VINTAGE STACK SEA GLOSS,"VINTAGE STACK SEA GLOSS BHBD02152 CHIP SIZE 12X92X8MM SHEET SIZE 282X308 11.5 SHEETS/M2
15SH/BOX = 1.3M2",VINTAGE,1.0000,0.0000,2.0000,M2
VINTAGE STACK SEA GLOSS -01,"VINTAGE STACK SEA GLOSS BHBD02152 CHIP SIZE 12X92X8MM SHEET SIZE 282X308 11.5 SHEETS/M2
15SH/BOX=1.3M2
BATCH:2009**",VINTAGE,1.0000,0.0000,58.1000,M2
VINTAGE STACK SEA GLOSS -02,VINTAGE STACK SEA GLOSS BHBD02152 CHIP SIZE 12X92X8MM SHEET SIZE 282X308 11.5 SHEETS/M2 15SH/BOX=1.3M2,VINTAGE,1.0000,0.0000,140.7200,M2
VINTAGE STACK SNOW GLOSS,"VINTAGE STACK SNOW GLOSS BHBD01044 CHIP SIZE 12X92X8MM SHEET SIZE 282X308
11.5 SHEETS/M2
15SH/BOX=1.3M2",VINTAGE,1.0000,0.0000,0.3320,M2
VINTAGE STACK SNOW GLOSS-1,"VINTAGE STACK SNOW GLOSS BHBD01044 CHIP SIZE 12X92X8MM SHEET SIZE 282X308
11.5 SHEETS/M2
15SH/BOX=1.3M2",VINTAGE,1.0000,0.0000,0.9600,M2
VINTAGE STACK SNOW GLOSS-2,"VINTAGE STACK SNOW GLOSS BHBD01044 CHIP SIZE 12X92X8MM SHEET SIZE 282X308
11.5 SHEETS/M2
15SH/BOX=1.3M2",VINTAGE,1.0000,0.0000,0.6000,M2
VINTAGE STACK SNOW GLOSS-3,"VINTAGE STACK SNOW GLOSS BHBD01044 CHIP SIZE 12X92X8MM SHEET SIZE 282X308
11.5 SHEETS/M2
15SH/BOX=1.3M2",VINTAGE,1.0000,0.0000,0.2072,M2
VINTAGE STACK SNOW GLOSS-4,"VINTAGE STACK SNOW GLOSS BHBD01044 CHIP SIZE 12X92X8MM SHEET SIZE 282X308
11.5 SHEETS/M2
15SH/BOX=1.3M2
BATCH:2010",VINTAGE,1.0000,0.0000,0.3500,M2
VINTAGE STACK SNOW GLOSS-5,"VINTAGE STACK SNOW GLOSS BHBD01044 CHIP SIZE 12X92X8MM SHEET SIZE 282X308
11.5 SHEETS/M2
15SH/BOX=1.3M2 BATCH:2011",VINTAGE,1.0000,0.0000,0.9600,M2
VINTAGE STACK SNOW GLOSS-6,VINTAGE STACK SNOW GLOSS BHBD01044 CHIP SIZE 12X92X8MM SHEET SIZE 282X308 11.5 SHEETS/M2 15SH/BOX=1.3M2,VINTAGE,1.0000,0.0000,0.9603,M2
VINTAGE STACK SNOW GLOSS-7,VINTAGE STACK SNOW GLOSS BHBD01044 CHIP SIZE 12X92X8MM SHEET SIZE 282X308 11.5 SHEETS/M2 15SH/BOX=1.3M2,VINTAGE,1.0000,0.0000,3.3600,M2
VINTAGE STACK SNOW GLOSS-8,VINTAGE STACK SNOW GLOSS BHBD01044 CHIP SIZE 12X92X8MM SHEET SIZE 282X308 11.5 SHEETS/M2 15SH/BOX=1.3M2,VINTAGE,1.0000,316.2000,844.3500,M2
VINTAGE STACK SNOW GLOSS-9,VINTAGE STACK SNOW GLOSS BHBD01044 CHIP SIZE 12X92X8MM SHEET SIZE 282X308 11.5 SHEETS/M2 15SH/BOX=1.3M2,VINTAGE,1.0000,2.0000,4.5040,M2
VINTAGE STACK SPRING GLOSS,"VINTAGE STACK SPRING GLOSS 92TTEB-077
CHIP SIZE 12X92X8MM  SHEET SIZE 284X295 11.93 SHEETS/M2 
1.6756 M2/BOX",VINTAGE,1.0000,20.2670,21.1888,M2
VINTAGE STACK SPRING GLOSS-01,"VINTAGE STACK SPRING GLOSS 92TTEB-077 
CHIP SIZE 12X92X8MM SHEET SIZE 284X295 11.93 SHEETS/M2 1.6756 M2/BOX",VINTAGE,1.0000,1.6756,90.5184,M2
VINTAGE STACK SPRING GLOSS-02,VINTAGE STACK SPRING GLOSS 92TTEB-077 CHIP SIZE 12X92X8MM SHEET SIZE 284X295 11.93 SHEETS/M2 1.6756 M2/BOX,VINTAGE,1.0000,0.0000,0.0000,M2
VINTAGE STACK STORM GLOSS,"VINTAGE STACK STORM GLOSS CT129205 
CHIP SIZE 12X92X8MM
SHEET SIZE 284.1X296.1
11.88 SHEETS/M2 12SH/BOX=1.0093M2",VINTAGE,1.0000,0.0000,0.0000,M2
VINTAGE STACK STORM GLOSS -01,"VINTAGE STACK STORM GLOSS CT129205 
CHIP SIZE 12X92X8MM
SHEET SIZE 284.1X296.1
11.88 SHEETS/M2 12SH/BOX=1.0093M2",VINTAGE,1.0000,0.0000,0.3363,M2
VINTAGE STACK STORM GLOSS -02,"VINTAGE STACK STORM GLOSS CT129205  CHIP SIZE 12X92X8MM SHEET SIZE 284.1X296.1 11.88 SHEETS/M2
12SH/BOX=1.0093M2",VINTAGE,1.0000,0.0000,3.5407,M2
VINTAGE STACK STORM GLOSS -03,VINTAGE STACK STORM GLOSS CT129205 CHIP SIZE 12X92X8MM SHEET SIZE 284.1X296.1 11.88 SHEETS/M2 12SH/BOX=1.0093M2,VINTAGE,1.0000,0.0000,0.0000,M2
VINTAGE STACK STORM GLOSS -04,"VINTAGE STACK STORM GLOSS CT129205 CHIP SIZE 12X92X8MM SHEET SIZE 284.1X296.1 11.88 SHEETS/M2 12SH/BOX=1.0093M2
BATCH:202107",VINTAGE,1.0000,13.5093,144.3907,M2
VINTAGE STACK WHITE GLOSS,"VINTAGE STACK WHITE GLOSS CT129201 
CHIP SIZE 12X92X8MM
SHEET SIZE 284.1X296.1
11.88 SHEETS/M2 12SH/BOX=1.0093M2",VINTAGE,1.0000,32.5000,0.0000,M2
VINTAGE STACK WHITE GLOSS -01,"VINTAGE STACK WHITE GLOSS CT129201 
CHIP SIZE 12X92X8MM
SHEET SIZE 284.1X296.1
11.88 SHEETS/M2 12SH/BOX=1.0093M2",VINTAGE,1.0000,0.0000,0.2340,M2
VINTAGE STACK WHITE GLOSS -03,"VINTAGE STACK WHITE GLOSS CT129201 
CHIP SIZE 12X92X8MM
SHEET SIZE 284.1X296.1
11.88 SHEETS/M2 12SH/BOX=1.0093M2",VINTAGE,1.0000,0.0000,1.0000,M2
VINTAGE STACK WHITE GLOSS -04,VINTAGE STACK WHITE GLOSS CT129201 CHIP SIZE 12X92X8MM SHEET SIZE 284.1X296.1 11.88 SHEETS/M2 12SH/BOX=1.0093M2,VINTAGE,1.0000,13.6093,15.3321,M2
VINTAGE STACK WHITE GLOSS -05,"VINTAGE STACK WHITE GLOSS CT129201 
CHIP SIZE 12X92X8MM SHEET SIZE 284.1X296.1 11.88 SHEETS/M2 12SH/BOX=1.0093M2
BATCH: 202107A",VINTAGE,1.0000,96.3000,105.1160,M2
VINTAGE STACK WHITE GLOSS -06,"VINTAGE STACK WHITE GLOSS CT129201 CHIP SIZE 12X92X8MM SHEET SIZE 284.1X296.1 11.88 SHEETS/M2 12SH/BOX=1.0093M2
BATCH:202107B",VINTAGE,1.0000,0.0000,3.6402,M2
VINTAGE STACK WHITE GLOSS -07,"VINTAGE STACK WHITE GLOSS CT129201 
CHIP SIZE 12X92X8MM SHEET SIZE 284.1X296.1 11.88 SHEETS/M2 12SH/BOX=1.0093M2",VINTAGE,1.0000,0.0000,0.0000,M2
VIOLA SQUARE 101,"VIOLA SQUARE HONED
101X101X10MM  
98PCS/M2 
45PCS/BOX = 0.459M2",,,0.0000,59.0820,M2
VIOLA SQUARE 23 HONED,VIOLA SQUARE HONED 23X23X10MM SHEET SIZE: 305X305MM 10.75SH/M2 5SH/BOX=0.465M2,,,0.0000,0.0000,M2
VIOLA SQUARE 25 HONED,"VIOLA SQUARE HONED 
 CHIP SIZE 25X25X10MM 
SHEET SIZE 302X302MM 10.96SH/M2 5SH/BOX =0.456M2",SQUARE,,0.0000,98.5000,M2
VIOLA STACK HONED,"VIOLA STACK HONED CHIP SIZE 15X98X10MM
SHEET SHIZE 298X305
11SH/M2 5SH/BOX=0.454M2",STACK,,0.0000,98.2000,M2
